date,boatName,portCode,ts_in,ts_out,portName,nextPort
2021-06-25,AMERICAN CONSTELLA,SKG,2021-06-25 05:00:00,unknown,SKAGWAY,SKAGWAY
2021-06-26,AMERICAN CONSTELLA,SKG,unknown,2021-06-26 05:00:00,SKAGWAY,AT SEA
2021-06-27,AMERICAN CONSTELLA,AS,2021-06-27 06:00:00,2021-06-27 22:00:00,AT SEA,AT SEA
2021-06-28,AMERICAN CONSTELLA,AS,2021-06-28 06:00:00,2021-06-28 22:00:00,AT SEA,AT SEA
2021-06-29,AMERICAN CONSTELLA,AS,2021-06-29 06:00:00,2021-06-29 22:00:00,AT SEA,AT SEA
2021-06-30,AMERICAN CONSTELLA,AS,2021-06-30 06:00:00,2021-06-30 22:00:00,AT SEA,AT SEA
2021-07-01,AMERICAN CONSTELLA,AS,2021-07-01 06:00:00,2021-07-01 22:00:00,AT SEA,AT SEA
2021-07-02,AMERICAN CONSTELLA,AS,2021-07-02 06:00:00,2021-07-02 22:00:00,AT SEA,AT SEA
2021-07-03,AMERICAN CONSTELLA,AS,2021-07-03 06:00:00,2021-07-03 22:00:00,AT SEA,AT SEA
2021-07-04,AMERICAN CONSTELLA,AS,2021-07-04 06:00:00,2021-07-04 22:00:00,AT SEA,AT SEA
2021-07-05,AMERICAN CONSTELLA,AS,2021-07-05 06:00:00,2021-07-05 22:00:00,AT SEA,AT SEA
2021-07-06,AMERICAN CONSTELLA,AS,2021-07-06 06:00:00,2021-07-06 22:00:00,AT SEA,AT SEA
2021-07-07,AMERICAN CONSTELLA,AS,2021-07-07 06:00:00,2021-07-07 22:00:00,AT SEA,AT SEA
2021-07-08,AMERICAN CONSTELLA,AS,2021-07-08 06:00:00,2021-07-08 22:00:00,AT SEA,AT SEA
2021-07-09,AMERICAN CONSTELLA,AS,2021-07-09 06:00:00,2021-07-09 22:00:00,AT SEA,AT SEA
2021-07-10,AMERICAN CONSTELLA,AS,2021-07-10 06:00:00,2021-07-10 22:00:00,AT SEA,AT SEA
2021-07-11,AMERICAN CONSTELLA,AS,2021-07-11 06:00:00,2021-07-11 22:00:00,AT SEA,AT SEA
2021-07-12,AMERICAN CONSTELLA,AS,2021-07-12 06:00:00,2021-07-12 22:00:00,AT SEA,AT SEA
2021-07-13,AMERICAN CONSTELLA,AS,2021-07-13 06:00:00,2021-07-13 22:00:00,AT SEA,AT SEA
2021-07-14,AMERICAN CONSTELLA,AS,2021-07-14 06:00:00,2021-07-14 22:00:00,AT SEA,PETERSBURG
2021-07-15,AMERICAN CONSTELLA,PTB,2021-07-15 01:30:00,2021-07-15 23:59:00,PETERSBURG,AT SEA
2021-07-16,AMERICAN CONSTELLA,AS,2021-07-16 06:00:00,2021-07-16 22:00:00,AT SEA,AT SEA
2021-07-17,AMERICAN CONSTELLA,AS,2021-07-17 06:00:00,2021-07-17 22:00:00,AT SEA,AT SEA
2021-07-18,AMERICAN CONSTELLA,AS,2021-07-18 06:00:00,2021-07-18 22:00:00,AT SEA,AT SEA
2021-07-19,AMERICAN CONSTELLA,AS,2021-07-19 06:00:00,2021-07-19 22:00:00,AT SEA,AT SEA
2021-07-20,AMERICAN CONSTELLA,AS,2021-07-20 06:00:00,2021-07-20 22:00:00,AT SEA,AT SEA
2021-07-21,AMERICAN CONSTELLA,AS,2021-07-21 06:00:00,2021-07-21 22:00:00,AT SEA,AT SEA
2021-07-22,AMERICAN CONSTELLA,AS,2021-07-22 06:00:00,2021-07-22 22:00:00,AT SEA,AT SEA
2021-07-23,AMERICAN CONSTELLA,AS,2021-07-23 06:00:00,2021-07-23 22:00:00,AT SEA,AT SEA
2021-07-24,AMERICAN CONSTELLA,AS,2021-07-24 06:00:00,2021-07-24 22:00:00,AT SEA,AT SEA
2021-07-25,AMERICAN CONSTELLA,AS,2021-07-25 06:00:00,2021-07-25 22:00:00,AT SEA,AT SEA
2021-07-26,AMERICAN CONSTELLA,AS,2021-07-26 06:00:00,2021-07-26 22:00:00,AT SEA,AT SEA
2021-07-27,AMERICAN CONSTELLA,AS,2021-07-27 06:00:00,2021-07-27 22:00:00,AT SEA,AT SEA
2021-07-28,AMERICAN CONSTELLA,AS,2021-07-28 06:00:00,2021-07-28 22:00:00,AT SEA,AT SEA
2021-07-29,AMERICAN CONSTELLA,AS,2021-07-29 06:00:00,2021-07-29 22:00:00,AT SEA,AT SEA
2021-07-30,AMERICAN CONSTELLA,AS,2021-07-30 06:00:00,2021-07-30 22:00:00,AT SEA,AT SEA
2021-07-31,AMERICAN CONSTELLA,AS,2021-07-31 06:00:00,2021-07-31 22:00:00,AT SEA,SKAGWAY
2021-08-01,AMERICAN CONSTELLA,SKG,2021-08-01 07:30:00,unknown,SKAGWAY,SKAGWAY
2021-08-02,AMERICAN CONSTELLA,SKG,unknown,2021-08-02 05:30:00,SKAGWAY,AT SEA
2021-08-03,AMERICAN CONSTELLA,AS,2021-08-03 06:00:00,2021-08-03 22:00:00,AT SEA,AT SEA
2021-08-04,AMERICAN CONSTELLA,AS,2021-08-04 06:00:00,2021-08-04 22:00:00,AT SEA,PETERSBURG
2021-08-05,AMERICAN CONSTELLA,PTB,2021-08-05 01:30:00,2021-08-05 23:59:00,PETERSBURG,AT SEA
2021-08-06,AMERICAN CONSTELLA,AS,2021-08-06 06:00:00,2021-08-06 22:00:00,AT SEA,AT SEA
2021-08-07,AMERICAN CONSTELLA,AS,2021-08-07 06:00:00,2021-08-07 22:00:00,AT SEA,AT SEA
2021-08-08,AMERICAN CONSTELLA,AS,2021-08-08 06:00:00,2021-08-08 22:00:00,AT SEA,AT SEA
2021-08-09,AMERICAN CONSTELLA,AS,2021-08-09 06:00:00,2021-08-09 22:00:00,AT SEA,AT SEA
2021-08-10,AMERICAN CONSTELLA,AS,2021-08-10 06:00:00,2021-08-10 22:00:00,AT SEA,AT SEA
2021-08-11,AMERICAN CONSTELLA,AS,2021-08-11 06:00:00,2021-08-11 22:00:00,AT SEA,AT SEA
2021-08-12,AMERICAN CONSTELLA,AS,2021-08-12 06:00:00,2021-08-12 22:00:00,AT SEA,AT SEA
2021-08-13,AMERICAN CONSTELLA,AS,2021-08-13 06:00:00,2021-08-13 22:00:00,AT SEA,AT SEA
2021-08-14,AMERICAN CONSTELLA,AS,2021-08-14 06:00:00,2021-08-14 22:00:00,AT SEA,AT SEA
2021-08-15,AMERICAN CONSTELLA,AS,2021-08-15 06:00:00,2021-08-15 22:00:00,AT SEA,AT SEA
2021-08-16,AMERICAN CONSTELLA,AS,2021-08-16 06:00:00,2021-08-16 22:00:00,AT SEA,AT SEA
2021-08-17,AMERICAN CONSTELLA,AS,2021-08-17 06:00:00,2021-08-17 22:00:00,AT SEA,AT SEA
2021-08-18,AMERICAN CONSTELLA,AS,2021-08-18 06:00:00,2021-08-18 22:00:00,AT SEA,AT SEA
2021-08-19,AMERICAN CONSTELLA,AS,2021-08-19 06:00:00,2021-08-19 22:00:00,AT SEA,AT SEA
2021-08-20,AMERICAN CONSTELLA,AS,2021-08-20 06:00:00,2021-08-20 22:00:00,AT SEA,AT SEA
2021-08-21,AMERICAN CONSTELLA,AS,2021-08-21 06:00:00,2021-08-21 22:00:00,AT SEA,SKAGWAY
2021-08-22,AMERICAN CONSTELLA,SKG,2021-08-22 07:30:00,unknown,SKAGWAY,SKAGWAY
2021-08-23,AMERICAN CONSTELLA,SKG,unknown,2021-08-23 05:30:00,SKAGWAY,AT SEA
2021-08-24,AMERICAN CONSTELLA,AS,2021-08-24 06:00:00,2021-08-24 22:00:00,AT SEA,AT SEA
2021-08-25,AMERICAN CONSTELLA,AS,2021-08-25 06:00:00,2021-08-25 22:00:00,AT SEA,PETERSBURG
2021-08-26,AMERICAN CONSTELLA,PTB,2021-08-26 01:30:00,2021-08-26 23:59:00,PETERSBURG,
2021-08-01,CARNIVAL MIRACLE,KTN,2021-08-01 08:00:00,2021-08-01 16:00:00,KETCHIKAN,AT SEA
2021-08-02,CARNIVAL MIRACLE,AS,2021-08-02 06:00:00,2021-08-02 22:00:00,AT SEA,SEATTLE
2021-08-03,CARNIVAL MIRACLE,SEA,2021-08-03 07:00:00,2021-08-03 16:00:00,SEATTLE,AT SEA
2021-08-04,CARNIVAL MIRACLE,AS,2021-08-04 06:00:00,2021-08-04 22:00:00,AT SEA,TRACY ARM
2021-08-05,CARNIVAL MIRACLE,TA,2021-08-05 13:00:00,2021-08-05 19:30:00,TRACY ARM,SKAGWAY
2021-08-06,CARNIVAL MIRACLE,SKG,2021-08-06 07:00:00,2021-08-06 20:00:00,SKAGWAY,JUNEAU
2021-08-07,CARNIVAL MIRACLE,JNU,2021-08-07 07:00:00,2021-08-07 15:00:00,JUNEAU,AT SEA
2021-08-08,CARNIVAL MIRACLE,AS,2021-08-08 06:00:00,2021-08-08 22:00:00,AT SEA,AT SEA
2021-08-09,CARNIVAL MIRACLE,AS,2021-08-09 06:00:00,2021-08-09 22:00:00,AT SEA,AT SEA
2021-08-10,CARNIVAL MIRACLE,AS,2021-08-10 06:00:00,2021-08-10 22:00:00,AT SEA,AT SEA
2021-08-11,CARNIVAL MIRACLE,AS,2021-08-11 06:00:00,2021-08-11 22:00:00,AT SEA,AT SEA
2021-08-12,CARNIVAL MIRACLE,AS,2021-08-12 06:00:00,2021-08-12 22:00:00,AT SEA,AT SEA
2021-08-13,CARNIVAL MIRACLE,AS,2021-08-13 06:00:00,2021-08-13 22:00:00,AT SEA,AT SEA
2021-08-14,CARNIVAL MIRACLE,AS,2021-08-14 06:00:00,2021-08-14 22:00:00,AT SEA,AT SEA
2021-08-15,CARNIVAL MIRACLE,AS,2021-08-15 06:00:00,2021-08-15 22:00:00,AT SEA,AT SEA
2021-08-16,CARNIVAL MIRACLE,AS,2021-08-16 06:00:00,2021-08-16 22:00:00,AT SEA,AT SEA
2021-08-17,CARNIVAL MIRACLE,AS,2021-08-17 06:00:00,2021-08-17 22:00:00,AT SEA,AT SEA
2021-08-18,CARNIVAL MIRACLE,AS,2021-08-18 06:00:00,2021-08-18 22:00:00,AT SEA,AT SEA
2021-08-19,CARNIVAL MIRACLE,AS,2021-08-19 06:00:00,2021-08-19 22:00:00,AT SEA,AT SEA
2021-08-20,CARNIVAL MIRACLE,AS,2021-08-20 06:00:00,2021-08-20 22:00:00,AT SEA,AT SEA
2021-08-21,CARNIVAL MIRACLE,AS,2021-08-21 06:00:00,2021-08-21 22:00:00,AT SEA,KETCHIKAN
2021-08-22,CARNIVAL MIRACLE,KTN,2021-08-22 08:00:00,2021-08-22 16:00:00,KETCHIKAN,AT SEA
2021-08-23,CARNIVAL MIRACLE,AS,2021-08-23 06:00:00,2021-08-23 22:00:00,AT SEA,SEATTLE
2021-08-24,CARNIVAL MIRACLE,SEA,2021-08-24 07:00:00,2021-08-24 16:00:00,SEATTLE,AT SEA
2021-08-25,CARNIVAL MIRACLE,AS,2021-08-25 06:00:00,2021-08-25 22:00:00,AT SEA,TRACY ARM
2021-08-26,CARNIVAL MIRACLE,TA,2021-08-26 13:00:00,2021-08-26 19:30:00,TRACY ARM,SKAGWAY
2021-08-27,CARNIVAL MIRACLE,SKG,2021-08-27 07:00:00,2021-08-27 20:00:00,SKAGWAY,JUNEAU
2021-08-28,CARNIVAL MIRACLE,JNU,2021-08-28 07:00:00,2021-08-28 15:00:00,JUNEAU,AT SEA
2021-08-29,CARNIVAL MIRACLE,AS,2021-08-29 06:00:00,2021-08-29 22:00:00,AT SEA,AT SEA
2021-08-30,CARNIVAL MIRACLE,AS,2021-08-30 06:00:00,2021-08-30 22:00:00,AT SEA,AT SEA
2021-08-31,CARNIVAL MIRACLE,AS,2021-08-31 06:00:00,2021-08-31 22:00:00,AT SEA,AT SEA
2021-09-01,CARNIVAL MIRACLE,AS,2021-09-01 06:00:00,2021-09-01 22:00:00,AT SEA,AT SEA
2021-09-02,CARNIVAL MIRACLE,AS,2021-09-02 06:00:00,2021-09-02 22:00:00,AT SEA,AT SEA
2021-09-03,CARNIVAL MIRACLE,AS,2021-09-03 06:00:00,2021-09-03 22:00:00,AT SEA,AT SEA
2021-09-04,CARNIVAL MIRACLE,AS,2021-09-04 06:00:00,2021-09-04 22:00:00,AT SEA,AT SEA
2021-09-05,CARNIVAL MIRACLE,AS,2021-09-05 06:00:00,2021-09-05 22:00:00,AT SEA,AT SEA
2021-09-06,CARNIVAL MIRACLE,AS,2021-09-06 06:00:00,2021-09-06 22:00:00,AT SEA,AT SEA
2021-09-07,CARNIVAL MIRACLE,AS,2021-09-07 06:00:00,2021-09-07 22:00:00,AT SEA,AT SEA
2021-09-08,CARNIVAL MIRACLE,AS,2021-09-08 06:00:00,2021-09-08 22:00:00,AT SEA,AT SEA
2021-09-09,CARNIVAL MIRACLE,AS,2021-09-09 06:00:00,2021-09-09 22:00:00,AT SEA,AT SEA
2021-09-10,CARNIVAL MIRACLE,AS,2021-09-10 06:00:00,2021-09-10 22:00:00,AT SEA,AT SEA
2021-09-11,CARNIVAL MIRACLE,AS,2021-09-11 06:00:00,2021-09-11 22:00:00,AT SEA,KETCHIKAN
2021-09-12,CARNIVAL MIRACLE,KTN,2021-09-12 08:00:00,2021-09-12 16:00:00,KETCHIKAN,AT SEA
2021-09-13,CARNIVAL MIRACLE,AS,2021-09-13 06:00:00,2021-09-13 22:00:00,AT SEA,SEATTLE
2021-09-14,CARNIVAL MIRACLE,SEA,2021-09-14 07:00:00,2021-09-14 16:00:00,SEATTLE,AT SEA
2021-09-15,CARNIVAL MIRACLE,AS,2021-09-15 06:00:00,2021-09-15 22:00:00,AT SEA,TRACY ARM
2021-09-16,CARNIVAL MIRACLE,TA,2021-09-16 13:00:00,2021-09-16 19:30:00,TRACY ARM,JUNEAU
2021-09-17,CARNIVAL MIRACLE,JNU,2021-09-17 07:00:00,2021-09-17 23:00:00,JUNEAU,SKAGWAY
2021-09-18,CARNIVAL MIRACLE,SKG,2021-09-18 07:00:00,2021-09-18 20:00:00,SKAGWAY,
2021-08-01,MAJESTIC PRINCESS,SEA,2021-08-01 06:00:00,2021-08-01 16:00:00,SEATTLE,AT SEA
2021-08-02,MAJESTIC PRINCESS,AS,2021-08-02 06:00:00,2021-08-02 22:00:00,AT SEA,JUNEAU
2021-08-03,MAJESTIC PRINCESS,JNU,2021-08-03 13:00:00,2021-08-03 22:00:00,JUNEAU,SKAGWAY
2021-08-04,MAJESTIC PRINCESS,SKG,2021-08-04 07:00:00,2021-08-04 19:00:00,SKAGWAY,GLACIER BAY
2021-08-05,MAJESTIC PRINCESS,GB,2021-08-05 06:00:00,2021-08-05 15:00:00,GLACIER BAY,KETCHIKAN
2021-08-06,MAJESTIC PRINCESS,KTN,2021-08-06 08:00:00,2021-08-06 17:00:00,KETCHIKAN,AT SEA
2021-08-07,MAJESTIC PRINCESS,AS,2021-08-07 06:00:00,2021-08-07 22:00:00,AT SEA,AT SEA
2021-08-08,MAJESTIC PRINCESS,AS,2021-08-08 06:00:00,2021-08-08 22:00:00,AT SEA,AT SEA
2021-08-09,MAJESTIC PRINCESS,AS,2021-08-09 06:00:00,2021-08-09 22:00:00,AT SEA,AT SEA
2021-08-10,MAJESTIC PRINCESS,AS,2021-08-10 06:00:00,2021-08-10 22:00:00,AT SEA,AT SEA
2021-08-11,MAJESTIC PRINCESS,AS,2021-08-11 06:00:00,2021-08-11 22:00:00,AT SEA,AT SEA
2021-08-12,MAJESTIC PRINCESS,AS,2021-08-12 06:00:00,2021-08-12 22:00:00,AT SEA,AT SEA
2021-08-13,MAJESTIC PRINCESS,AS,2021-08-13 06:00:00,2021-08-13 22:00:00,AT SEA,AT SEA
2021-08-14,MAJESTIC PRINCESS,AS,2021-08-14 06:00:00,2021-08-14 22:00:00,AT SEA,AT SEA
2021-08-15,MAJESTIC PRINCESS,AS,2021-08-15 06:00:00,2021-08-15 22:00:00,AT SEA,AT SEA
2021-08-16,MAJESTIC PRINCESS,AS,2021-08-16 06:00:00,2021-08-16 22:00:00,AT SEA,AT SEA
2021-08-17,MAJESTIC PRINCESS,AS,2021-08-17 06:00:00,2021-08-17 22:00:00,AT SEA,AT SEA
2021-08-18,MAJESTIC PRINCESS,AS,2021-08-18 06:00:00,2021-08-18 22:00:00,AT SEA,AT SEA
2021-08-19,MAJESTIC PRINCESS,AS,2021-08-19 06:00:00,2021-08-19 22:00:00,AT SEA,AT SEA
2021-08-20,MAJESTIC PRINCESS,AS,2021-08-20 06:00:00,2021-08-20 22:00:00,AT SEA,AT SEA
2021-08-21,MAJESTIC PRINCESS,AS,2021-08-21 06:00:00,2021-08-21 22:00:00,AT SEA,SEATTLE
2021-08-22,MAJESTIC PRINCESS,SEA,2021-08-22 06:00:00,2021-08-22 16:00:00,SEATTLE,AT SEA
2021-08-23,MAJESTIC PRINCESS,AS,2021-08-23 06:00:00,2021-08-23 22:00:00,AT SEA,JUNEAU
2021-08-24,MAJESTIC PRINCESS,JNU,2021-08-24 13:00:00,2021-08-24 22:00:00,JUNEAU,SKAGWAY
2021-08-25,MAJESTIC PRINCESS,SKG,2021-08-25 07:00:00,2021-08-25 19:00:00,SKAGWAY,GLACIER BAY
2021-08-26,MAJESTIC PRINCESS,GB,2021-08-26 06:00:00,2021-08-26 15:00:00,GLACIER BAY,KETCHIKAN
2021-08-27,MAJESTIC PRINCESS,KTN,2021-08-27 08:00:00,2021-08-27 17:00:00,KETCHIKAN,AT SEA
2021-08-28,MAJESTIC PRINCESS,AS,2021-08-28 06:00:00,2021-08-28 22:00:00,AT SEA,AT SEA
2021-08-29,MAJESTIC PRINCESS,AS,2021-08-29 06:00:00,2021-08-29 22:00:00,AT SEA,AT SEA
2021-08-30,MAJESTIC PRINCESS,AS,2021-08-30 06:00:00,2021-08-30 22:00:00,AT SEA,AT SEA
2021-08-31,MAJESTIC PRINCESS,AS,2021-08-31 06:00:00,2021-08-31 22:00:00,AT SEA,AT SEA
2021-09-01,MAJESTIC PRINCESS,AS,2021-09-01 06:00:00,2021-09-01 22:00:00,AT SEA,AT SEA
2021-09-02,MAJESTIC PRINCESS,AS,2021-09-02 06:00:00,2021-09-02 22:00:00,AT SEA,AT SEA
2021-09-03,MAJESTIC PRINCESS,AS,2021-09-03 06:00:00,2021-09-03 22:00:00,AT SEA,AT SEA
2021-09-04,MAJESTIC PRINCESS,AS,2021-09-04 06:00:00,2021-09-04 22:00:00,AT SEA,AT SEA
2021-09-05,MAJESTIC PRINCESS,AS,2021-09-05 06:00:00,2021-09-05 22:00:00,AT SEA,AT SEA
2021-09-06,MAJESTIC PRINCESS,AS,2021-09-06 06:00:00,2021-09-06 22:00:00,AT SEA,AT SEA
2021-09-07,MAJESTIC PRINCESS,AS,2021-09-07 06:00:00,2021-09-07 22:00:00,AT SEA,AT SEA
2021-09-08,MAJESTIC PRINCESS,AS,2021-09-08 06:00:00,2021-09-08 22:00:00,AT SEA,AT SEA
2021-09-09,MAJESTIC PRINCESS,AS,2021-09-09 06:00:00,2021-09-09 22:00:00,AT SEA,AT SEA
2021-09-10,MAJESTIC PRINCESS,AS,2021-09-10 06:00:00,2021-09-10 22:00:00,AT SEA,AT SEA
2021-09-11,MAJESTIC PRINCESS,AS,2021-09-11 06:00:00,2021-09-11 22:00:00,AT SEA,SEATTLE
2021-09-12,MAJESTIC PRINCESS,SEA,2021-09-12 06:00:00,2021-09-12 16:00:00,SEATTLE,AT SEA
2021-09-13,MAJESTIC PRINCESS,AS,2021-09-13 06:00:00,2021-09-13 22:00:00,AT SEA,JUNEAU
2021-09-14,MAJESTIC PRINCESS,JNU,2021-09-14 13:00:00,2021-09-14 22:00:00,JUNEAU,SKAGWAY
2021-09-15,MAJESTIC PRINCESS,SKG,2021-09-15 07:00:00,2021-09-15 19:00:00,SKAGWAY,GLACIER BAY
2021-09-16,MAJESTIC PRINCESS,GB,2021-09-16 06:30:00,2021-09-16 15:00:00,GLACIER BAY,KETCHIKAN
2021-09-17,MAJESTIC PRINCESS,KTN,2021-09-17 08:00:00,2021-09-17 17:00:00,KETCHIKAN,AT SEA
2021-09-18,MAJESTIC PRINCESS,AS,2021-09-18 06:00:00,2021-09-18 22:00:00,AT SEA,AT SEA
2021-09-19,MAJESTIC PRINCESS,AS,2021-09-19 06:00:00,2021-09-19 22:00:00,AT SEA,AT SEA
2021-09-20,MAJESTIC PRINCESS,AS,2021-09-20 06:00:00,2021-09-20 22:00:00,AT SEA,AT SEA
2021-09-21,MAJESTIC PRINCESS,AS,2021-09-21 06:00:00,2021-09-21 22:00:00,AT SEA,AT SEA
2021-09-22,MAJESTIC PRINCESS,AS,2021-09-22 06:00:00,2021-09-22 22:00:00,AT SEA,AT SEA
2021-09-23,MAJESTIC PRINCESS,AS,2021-09-23 06:00:00,2021-09-23 22:00:00,AT SEA,AT SEA
2021-09-24,MAJESTIC PRINCESS,AS,2021-09-24 06:00:00,2021-09-24 22:00:00,AT SEA,AT SEA
2021-09-25,MAJESTIC PRINCESS,AS,2021-09-25 06:00:00,2021-09-25 22:00:00,AT SEA,AT SEA
2021-09-26,MAJESTIC PRINCESS,AS,2021-09-26 06:00:00,2021-09-26 22:00:00,AT SEA,AT SEA
2021-09-27,MAJESTIC PRINCESS,AS,2021-09-27 06:00:00,2021-09-27 22:00:00,AT SEA,AT SEA
2021-09-28,MAJESTIC PRINCESS,AS,2021-09-28 06:00:00,2021-09-28 22:00:00,AT SEA,AT SEA
2021-09-29,MAJESTIC PRINCESS,AS,2021-09-29 06:00:00,2021-09-29 22:00:00,AT SEA,AT SEA
2021-09-30,MAJESTIC PRINCESS,AS,2021-09-30 06:00:00,2021-09-30 22:00:00,AT SEA,AT SEA
2021-10-01,MAJESTIC PRINCESS,AS,2021-10-01 06:00:00,2021-10-01 22:00:00,AT SEA,AT SEA
2021-10-02,MAJESTIC PRINCESS,AS,2021-10-02 06:00:00,2021-10-02 22:00:00,AT SEA,SEATTLE
2021-10-03,MAJESTIC PRINCESS,SEA,2021-10-03 06:00:00,2021-10-03 16:00:00,SEATTLE,
2021-08-01,MILLENNIUM,KTN,2021-08-01 07:00:00,2021-08-01 16:00:00,KETCHIKAN,ENDICOTT ARM
2021-08-02,MILLENNIUM,END,2021-08-02 05:30:00,2021-08-02 10:00:00,ENDICOTT ARM,JUNEAU
2021-08-02,MILLENNIUM,JNU,2021-08-02 13:30:00,2021-08-02 22:00:00,JUNEAU,SKAGWAY
2021-08-03,MILLENNIUM,SKG,2021-08-03 07:00:00,2021-08-03 21:00:00,SKAGWAY,AT SEA
2021-08-04,MILLENNIUM,AS,2021-08-04 06:00:00,2021-08-04 22:00:00,AT SEA,AT SEA
2021-08-05,MILLENNIUM,AS,2021-08-05 06:00:00,2021-08-05 22:00:00,AT SEA,SEATTLE
2021-08-06,MILLENNIUM,SEA,2021-08-06 06:00:00,2021-08-06 16:00:00,SEATTLE,AT SEA
2021-08-07,MILLENNIUM,AS,2021-08-07 06:00:00,2021-08-07 22:00:00,AT SEA,AT SEA
2021-08-08,MILLENNIUM,AS,2021-08-08 06:00:00,2021-08-08 22:00:00,AT SEA,AT SEA
2021-08-09,MILLENNIUM,AS,2021-08-09 06:00:00,2021-08-09 22:00:00,AT SEA,AT SEA
2021-08-10,MILLENNIUM,AS,2021-08-10 06:00:00,2021-08-10 22:00:00,AT SEA,AT SEA
2021-08-11,MILLENNIUM,AS,2021-08-11 06:00:00,2021-08-11 22:00:00,AT SEA,AT SEA
2021-08-12,MILLENNIUM,AS,2021-08-12 06:00:00,2021-08-12 22:00:00,AT SEA,AT SEA
2021-08-13,MILLENNIUM,AS,2021-08-13 06:00:00,2021-08-13 22:00:00,AT SEA,AT SEA
2021-08-14,MILLENNIUM,AS,2021-08-14 06:00:00,2021-08-14 22:00:00,AT SEA,AT SEA
2021-08-15,MILLENNIUM,AS,2021-08-15 06:00:00,2021-08-15 22:00:00,AT SEA,AT SEA
2021-08-16,MILLENNIUM,AS,2021-08-16 06:00:00,2021-08-16 22:00:00,AT SEA,AT SEA
2021-08-17,MILLENNIUM,AS,2021-08-17 06:00:00,2021-08-17 22:00:00,AT SEA,AT SEA
2021-08-18,MILLENNIUM,AS,2021-08-18 06:00:00,2021-08-18 22:00:00,AT SEA,AT SEA
2021-08-19,MILLENNIUM,AS,2021-08-19 06:00:00,2021-08-19 22:00:00,AT SEA,AT SEA
2021-08-20,MILLENNIUM,AS,2021-08-20 06:00:00,2021-08-20 22:00:00,AT SEA,AT SEA
2021-08-21,MILLENNIUM,AS,2021-08-21 06:00:00,2021-08-21 22:00:00,AT SEA,KETCHIKAN
2021-08-22,MILLENNIUM,KTN,2021-08-22 07:00:00,2021-08-22 16:00:00,KETCHIKAN,ENDICOTT ARM
2021-08-23,MILLENNIUM,END,2021-08-23 05:30:00,2021-08-23 10:00:00,ENDICOTT ARM,JUNEAU
2021-08-23,MILLENNIUM,JNU,2021-08-23 13:30:00,2021-08-23 22:00:00,JUNEAU,SKAGWAY
2021-08-24,MILLENNIUM,SKG,2021-08-24 07:00:00,2021-08-24 21:00:00,SKAGWAY,AT SEA
2021-08-25,MILLENNIUM,AS,2021-08-25 06:00:00,2021-08-25 22:00:00,AT SEA,AT SEA
2021-08-26,MILLENNIUM,AS,2021-08-26 06:00:00,2021-08-26 22:00:00,AT SEA,SEATTLE
2021-08-27,MILLENNIUM,SEA,2021-08-27 06:00:00,2021-08-27 16:00:00,SEATTLE,AT SEA
2021-08-28,MILLENNIUM,AS,2021-08-28 06:00:00,2021-08-28 22:00:00,AT SEA,AT SEA
2021-08-29,MILLENNIUM,AS,2021-08-29 06:00:00,2021-08-29 22:00:00,AT SEA,AT SEA
2021-08-30,MILLENNIUM,AS,2021-08-30 06:00:00,2021-08-30 22:00:00,AT SEA,AT SEA
2021-08-31,MILLENNIUM,AS,2021-08-31 06:00:00,2021-08-31 22:00:00,AT SEA,AT SEA
2021-09-01,MILLENNIUM,AS,2021-09-01 06:00:00,2021-09-01 22:00:00,AT SEA,AT SEA
2021-09-02,MILLENNIUM,AS,2021-09-02 06:00:00,2021-09-02 22:00:00,AT SEA,AT SEA
2021-09-03,MILLENNIUM,AS,2021-09-03 06:00:00,2021-09-03 22:00:00,AT SEA,AT SEA
2021-09-04,MILLENNIUM,AS,2021-09-04 06:00:00,2021-09-04 22:00:00,AT SEA,AT SEA
2021-09-05,MILLENNIUM,AS,2021-09-05 06:00:00,2021-09-05 22:00:00,AT SEA,AT SEA
2021-09-06,MILLENNIUM,AS,2021-09-06 06:00:00,2021-09-06 22:00:00,AT SEA,AT SEA
2021-09-07,MILLENNIUM,AS,2021-09-07 06:00:00,2021-09-07 22:00:00,AT SEA,AT SEA
2021-09-08,MILLENNIUM,AS,2021-09-08 06:00:00,2021-09-08 22:00:00,AT SEA,AT SEA
2021-09-09,MILLENNIUM,AS,2021-09-09 06:00:00,2021-09-09 22:00:00,AT SEA,AT SEA
2021-09-10,MILLENNIUM,AS,2021-09-10 06:00:00,2021-09-10 22:00:00,AT SEA,AT SEA
2021-09-11,MILLENNIUM,AS,2021-09-11 06:00:00,2021-09-11 22:00:00,AT SEA,KETCHIKAN
2021-09-12,MILLENNIUM,KTN,2021-09-12 07:00:00,2021-09-12 16:00:00,KETCHIKAN,ENDICOTT ARM
2021-09-13,MILLENNIUM,END,2021-09-13 05:30:00,2021-09-13 10:00:00,ENDICOTT ARM,JUNEAU
2021-09-13,MILLENNIUM,JNU,2021-09-13 13:30:00,2021-09-13 22:00:00,JUNEAU,SKAGWAY
2021-09-14,MILLENNIUM,SKG,2021-09-14 07:00:00,2021-09-14 21:00:00,SKAGWAY,AT SEA
2021-09-15,MILLENNIUM,AS,2021-09-15 06:00:00,2021-09-15 22:00:00,AT SEA,AT SEA
2021-09-16,MILLENNIUM,AS,2021-09-16 06:00:00,2021-09-16 22:00:00,AT SEA,SEATTLE
2021-09-17,MILLENNIUM,SEA,2021-09-17 06:00:00,2021-09-17 16:00:00,SEATTLE,AT SEA
2021-09-18,MILLENNIUM,AS,2021-09-18 06:00:00,2021-09-18 22:00:00,AT SEA,AT SEA
2021-09-19,MILLENNIUM,AS,2021-09-19 06:00:00,2021-09-19 22:00:00,AT SEA,AT SEA
2021-09-20,MILLENNIUM,AS,2021-09-20 06:00:00,2021-09-20 22:00:00,AT SEA,AT SEA
2021-09-21,MILLENNIUM,AS,2021-09-21 06:00:00,2021-09-21 22:00:00,AT SEA,AT SEA
2021-09-22,MILLENNIUM,AS,2021-09-22 06:00:00,2021-09-22 22:00:00,AT SEA,AT SEA
2021-09-23,MILLENNIUM,AS,2021-09-23 06:00:00,2021-09-23 22:00:00,AT SEA,AT SEA
2021-09-24,MILLENNIUM,AS,2021-09-24 06:00:00,2021-09-24 22:00:00,AT SEA,AT SEA
2021-09-25,MILLENNIUM,AS,2021-09-25 06:00:00,2021-09-25 22:00:00,AT SEA,AT SEA
2021-09-26,MILLENNIUM,AS,2021-09-26 06:00:00,2021-09-26 22:00:00,AT SEA,AT SEA
2021-09-27,MILLENNIUM,AS,2021-09-27 06:00:00,2021-09-27 22:00:00,AT SEA,AT SEA
2021-09-28,MILLENNIUM,AS,2021-09-28 06:00:00,2021-09-28 22:00:00,AT SEA,AT SEA
2021-09-29,MILLENNIUM,AS,2021-09-29 06:00:00,2021-09-29 22:00:00,AT SEA,AT SEA
2021-09-30,MILLENNIUM,AS,2021-09-30 06:00:00,2021-09-30 22:00:00,AT SEA,AT SEA
2021-10-01,MILLENNIUM,AS,2021-10-01 06:00:00,2021-10-01 22:00:00,AT SEA,AT SEA
2021-10-02,MILLENNIUM,AS,2021-10-02 06:00:00,2021-10-02 22:00:00,AT SEA,KETCHIKAN
2021-10-03,MILLENNIUM,KTN,2021-10-03 07:00:00,2021-10-03 16:00:00,KETCHIKAN,ENDICOTT ARM
2021-10-04,MILLENNIUM,END,2021-10-04 05:30:00,2021-10-04 10:00:00,ENDICOTT ARM,JUNEAU
2021-10-04,MILLENNIUM,JNU,2021-10-04 13:30:00,2021-10-04 22:00:00,JUNEAU,ICY STRAIT POINT
2021-10-05,MILLENNIUM,ISP,2021-10-05 07:00:00,2021-10-05 17:00:00,ICY STRAIT POINT,AT SEA
2021-10-06,MILLENNIUM,AS,2021-10-06 06:00:00,2021-10-06 22:00:00,AT SEA,AT SEA
2021-10-07,MILLENNIUM,AS,2021-10-07 06:00:00,2021-10-07 22:00:00,AT SEA,SEATTLE
2021-10-08,MILLENNIUM,SEA,2021-10-08 06:00:00,2021-10-08 13:00:00,SEATTLE,
2021-06-20,NG ORION,KTN,unknown,unknown,KETCHIKAN,KETCHIKAN
2021-06-21,NG ORION,KTN,unknown,unknown,KETCHIKAN,KETCHIKAN
2021-06-22,NG ORION,KTN,unknown,unknown,KETCHIKAN,
2021-06-05,NG QUEST,SIT,2021-06-05 06:00:00,2021-06-05 18:00:00,SITKA,AT SEA
2021-06-06,NG QUEST,AS,2021-06-06 06:00:00,2021-06-06 22:00:00,AT SEA,AT SEA
2021-06-07,NG QUEST,AS,2021-06-07 06:00:00,2021-06-07 22:00:00,AT SEA,AT SEA
2021-06-08,NG QUEST,AS,2021-06-08 06:00:00,2021-06-08 22:00:00,AT SEA,AT SEA
2021-06-09,NG QUEST,AS,2021-06-09 06:00:00,2021-06-09 22:00:00,AT SEA,AT SEA
2021-06-10,NG QUEST,AS,2021-06-10 06:00:00,2021-06-10 22:00:00,AT SEA,AT SEA
2021-06-11,NG QUEST,AS,2021-06-11 06:00:00,2021-06-11 22:00:00,AT SEA,AT SEA
2021-06-12,NG QUEST,AS,2021-06-12 06:00:00,2021-06-12 22:00:00,AT SEA,AT SEA
2021-06-13,NG QUEST,AS,2021-06-13 06:00:00,2021-06-13 22:00:00,AT SEA,AT SEA
2021-06-14,NG QUEST,AS,2021-06-14 06:00:00,2021-06-14 22:00:00,AT SEA,AT SEA
2021-06-15,NG QUEST,AS,2021-06-15 06:00:00,2021-06-15 22:00:00,AT SEA,AT SEA
2021-06-16,NG QUEST,AS,2021-06-16 06:00:00,2021-06-16 22:00:00,AT SEA,AT SEA
2021-06-17,NG QUEST,AS,2021-06-17 06:00:00,2021-06-17 22:00:00,AT SEA,AT SEA
2021-06-18,NG QUEST,AS,2021-06-18 06:00:00,2021-06-18 22:00:00,AT SEA,AT SEA
2021-06-19,NG QUEST,AS,2021-06-19 06:00:00,2021-06-19 22:00:00,AT SEA,AT SEA
2021-06-20,NG QUEST,AS,2021-06-20 06:00:00,2021-06-20 22:00:00,AT SEA,BARTLETT COVE
2021-06-21,NG QUEST,BCV,2021-06-21 06:00:00,2021-06-21 22:00:00,BARTLETT COVE,AT SEA
2021-06-22,NG QUEST,AS,2021-06-22 06:00:00,2021-06-22 22:00:00,AT SEA,AT SEA
2021-06-23,NG QUEST,AS,2021-06-23 06:00:00,2021-06-23 22:00:00,AT SEA,PETERSBURG
2021-06-24,NG QUEST,PTB,2021-06-24 07:00:00,2021-06-24 12:00:00,PETERSBURG,ENDICOTT ARM
2021-06-25,NG QUEST,END,2021-06-25 15:00:00,2021-06-25 19:00:00,ENDICOTT ARM,JUNEAU
2021-06-26,NG QUEST,JNU,2021-06-26 06:00:00,2021-06-26 23:00:00,JUNEAU,AT SEA
2021-06-27,NG QUEST,AS,2021-06-27 06:00:00,2021-06-27 22:00:00,AT SEA,AT SEA
2021-06-28,NG QUEST,AS,2021-06-28 06:00:00,2021-06-28 22:00:00,AT SEA,AT SEA
2021-06-29,NG QUEST,AS,2021-06-29 06:00:00,2021-06-29 22:00:00,AT SEA,AT SEA
2021-06-30,NG QUEST,AS,2021-06-30 06:00:00,2021-06-30 22:00:00,AT SEA,AT SEA
2021-07-01,NG QUEST,AS,2021-07-01 06:00:00,2021-07-01 22:00:00,AT SEA,AT SEA
2021-07-02,NG QUEST,AS,2021-07-02 06:00:00,2021-07-02 22:00:00,AT SEA,AT SEA
2021-07-03,NG QUEST,AS,2021-07-03 06:00:00,2021-07-03 22:00:00,AT SEA,AT SEA
2021-07-04,NG QUEST,AS,2021-07-04 06:00:00,2021-07-04 22:00:00,AT SEA,AT SEA
2021-07-05,NG QUEST,AS,2021-07-05 06:00:00,2021-07-05 22:00:00,AT SEA,AT SEA
2021-07-06,NG QUEST,AS,2021-07-06 06:00:00,2021-07-06 22:00:00,AT SEA,AT SEA
2021-07-07,NG QUEST,AS,2021-07-07 06:00:00,2021-07-07 22:00:00,AT SEA,AT SEA
2021-07-08,NG QUEST,AS,2021-07-08 06:00:00,2021-07-08 22:00:00,AT SEA,AT SEA
2021-07-09,NG QUEST,AS,2021-07-09 06:00:00,2021-07-09 22:00:00,AT SEA,AT SEA
2021-07-10,NG QUEST,AS,2021-07-10 06:00:00,2021-07-10 22:00:00,AT SEA,ENDICOTT ARM
2021-07-11,NG QUEST,END,2021-07-11 15:00:00,2021-07-11 19:00:00,ENDICOTT ARM,PETERSBURG
2021-07-12,NG QUEST,PTB,2021-07-12 12:00:00,2021-07-12 20:00:00,PETERSBURG,AT SEA
2021-07-13,NG QUEST,AS,2021-07-13 06:00:00,2021-07-13 22:00:00,AT SEA,AT SEA
2021-07-14,NG QUEST,AS,2021-07-14 06:00:00,2021-07-14 22:00:00,AT SEA,BARTLETT COVE
2021-07-15,NG QUEST,BCV,2021-07-15 05:00:00,2021-07-15 22:00:00,BARTLETT COVE,AT SEA
2021-07-16,NG QUEST,AS,2021-07-16 06:00:00,2021-07-16 22:00:00,AT SEA,SITKA
2021-07-17,NG QUEST,SIT,2021-07-17 06:00:00,2021-07-17 18:00:00,SITKA,AT SEA
2021-07-18,NG QUEST,AS,2021-07-18 06:00:00,2021-07-18 22:00:00,AT SEA,AT SEA
2021-07-19,NG QUEST,AS,2021-07-19 06:00:00,2021-07-19 22:00:00,AT SEA,AT SEA
2021-07-20,NG QUEST,AS,2021-07-20 06:00:00,2021-07-20 22:00:00,AT SEA,AT SEA
2021-07-21,NG QUEST,AS,2021-07-21 06:00:00,2021-07-21 22:00:00,AT SEA,AT SEA
2021-07-22,NG QUEST,AS,2021-07-22 06:00:00,2021-07-22 22:00:00,AT SEA,AT SEA
2021-07-23,NG QUEST,AS,2021-07-23 06:00:00,2021-07-23 22:00:00,AT SEA,AT SEA
2021-07-24,NG QUEST,AS,2021-07-24 06:00:00,2021-07-24 22:00:00,AT SEA,AT SEA
2021-07-25,NG QUEST,AS,2021-07-25 06:00:00,2021-07-25 22:00:00,AT SEA,AT SEA
2021-07-26,NG QUEST,AS,2021-07-26 06:00:00,2021-07-26 22:00:00,AT SEA,AT SEA
2021-07-27,NG QUEST,AS,2021-07-27 06:00:00,2021-07-27 22:00:00,AT SEA,AT SEA
2021-07-28,NG QUEST,AS,2021-07-28 06:00:00,2021-07-28 22:00:00,AT SEA,AT SEA
2021-07-29,NG QUEST,AS,2021-07-29 06:00:00,2021-07-29 22:00:00,AT SEA,AT SEA
2021-07-30,NG QUEST,AS,2021-07-30 06:00:00,2021-07-30 22:00:00,AT SEA,AT SEA
2021-07-31,NG QUEST,AS,2021-07-31 06:00:00,2021-07-31 22:00:00,AT SEA,AT SEA
2021-08-01,NG QUEST,AS,2021-08-01 06:00:00,2021-08-01 22:00:00,AT SEA,BARTLETT COVE
2021-08-02,NG QUEST,BCV,2021-08-02 05:00:00,2021-08-02 22:00:00,BARTLETT COVE,AT SEA
2021-08-03,NG QUEST,AS,2021-08-03 06:00:00,2021-08-03 22:00:00,AT SEA,AT SEA
2021-08-04,NG QUEST,AS,2021-08-04 06:00:00,2021-08-04 22:00:00,AT SEA,PETERSBURG
2021-08-05,NG QUEST,PTB,2021-08-05 07:00:00,2021-08-05 12:00:00,PETERSBURG,ENDICOTT ARM
2021-08-06,NG QUEST,END,2021-08-06 15:00:00,2021-08-06 19:00:00,ENDICOTT ARM,JUNEAU
2021-08-07,NG QUEST,JNU,2021-08-07 06:00:00,2021-08-07 23:00:00,JUNEAU,AT SEA
2021-08-08,NG QUEST,AS,2021-08-08 06:00:00,2021-08-08 22:00:00,AT SEA,AT SEA
2021-08-09,NG QUEST,AS,2021-08-09 06:00:00,2021-08-09 22:00:00,AT SEA,AT SEA
2021-08-10,NG QUEST,AS,2021-08-10 06:00:00,2021-08-10 22:00:00,AT SEA,AT SEA
2021-08-11,NG QUEST,AS,2021-08-11 06:00:00,2021-08-11 22:00:00,AT SEA,AT SEA
2021-08-12,NG QUEST,AS,2021-08-12 06:00:00,2021-08-12 22:00:00,AT SEA,AT SEA
2021-08-13,NG QUEST,AS,2021-08-13 06:00:00,2021-08-13 22:00:00,AT SEA,AT SEA
2021-08-14,NG QUEST,AS,2021-08-14 06:00:00,2021-08-14 22:00:00,AT SEA,AT SEA
2021-08-15,NG QUEST,AS,2021-08-15 06:00:00,2021-08-15 22:00:00,AT SEA,AT SEA
2021-08-16,NG QUEST,AS,2021-08-16 06:00:00,2021-08-16 22:00:00,AT SEA,AT SEA
2021-08-17,NG QUEST,AS,2021-08-17 06:00:00,2021-08-17 22:00:00,AT SEA,AT SEA
2021-08-18,NG QUEST,AS,2021-08-18 06:00:00,2021-08-18 22:00:00,AT SEA,AT SEA
2021-08-19,NG QUEST,AS,2021-08-19 06:00:00,2021-08-19 22:00:00,AT SEA,AT SEA
2021-08-20,NG QUEST,AS,2021-08-20 06:00:00,2021-08-20 22:00:00,AT SEA,AT SEA
2021-08-21,NG QUEST,AS,2021-08-21 06:00:00,2021-08-21 22:00:00,AT SEA,ENDICOTT ARM
2021-08-22,NG QUEST,END,2021-08-22 15:00:00,2021-08-22 19:00:00,ENDICOTT ARM,AT SEA
2021-08-23,NG QUEST,AS,2021-08-23 06:00:00,2021-08-23 22:00:00,AT SEA,BARTLETT COVE
2021-08-24,NG QUEST,BCV,2021-08-24 05:00:00,2021-08-24 22:00:00,BARTLETT COVE,AT SEA
2021-08-25,NG QUEST,AS,2021-08-25 06:00:00,2021-08-25 22:00:00,AT SEA,PETERSBURG
2021-08-26,NG QUEST,PTB,2021-08-26 12:00:00,2021-08-26 20:00:00,PETERSBURG,AT SEA
2021-08-27,NG QUEST,AS,2021-08-27 06:00:00,2021-08-27 22:00:00,AT SEA,SITKA
2021-08-28,NG QUEST,SIT,2021-08-28 06:00:00,2021-08-28 18:00:00,SITKA,
2021-06-24,NG SEA BIRD,SEA,2021-06-24 07:00:00,2021-06-24 16:00:00,SEATTLE,AT SEA
2021-06-25,NG SEA BIRD,AS,2021-06-25 06:00:00,2021-06-25 22:00:00,AT SEA,AT SEA
2021-06-26,NG SEA BIRD,AS,2021-06-26 06:00:00,2021-06-26 22:00:00,AT SEA,AT SEA
2021-06-27,NG SEA BIRD,AS,2021-06-27 06:00:00,2021-06-27 22:00:00,AT SEA,AT SEA
2021-06-28,NG SEA BIRD,AS,2021-06-28 06:00:00,2021-06-28 22:00:00,AT SEA,AT SEA
2021-06-29,NG SEA BIRD,AS,2021-06-29 06:00:00,2021-06-29 22:00:00,AT SEA,AT SEA
2021-06-30,NG SEA BIRD,AS,2021-06-30 06:00:00,2021-06-30 22:00:00,AT SEA,AT SEA
2021-07-01,NG SEA BIRD,AS,2021-07-01 06:00:00,2021-07-01 22:00:00,AT SEA,AT SEA
2021-07-02,NG SEA BIRD,AS,2021-07-02 06:00:00,2021-07-02 22:00:00,AT SEA,AT SEA
2021-07-03,NG SEA BIRD,AS,2021-07-03 06:00:00,2021-07-03 22:00:00,AT SEA,AT SEA
2021-07-04,NG SEA BIRD,AS,2021-07-04 06:00:00,2021-07-04 22:00:00,AT SEA,AT SEA
2021-07-05,NG SEA BIRD,AS,2021-07-05 06:00:00,2021-07-05 22:00:00,AT SEA,AT SEA
2021-07-06,NG SEA BIRD,AS,2021-07-06 06:00:00,2021-07-06 22:00:00,AT SEA,AT SEA
2021-07-07,NG SEA BIRD,AS,2021-07-07 06:00:00,2021-07-07 22:00:00,AT SEA,AT SEA
2021-07-08,NG SEA BIRD,AS,2021-07-08 06:00:00,2021-07-08 22:00:00,AT SEA,AT SEA
2021-07-09,NG SEA BIRD,AS,2021-07-09 06:00:00,2021-07-09 22:00:00,AT SEA,AT SEA
2021-07-10,NG SEA BIRD,AS,2021-07-10 06:00:00,2021-07-10 22:00:00,AT SEA,SITKA
2021-07-11,NG SEA BIRD,SIT,2021-07-11 06:00:00,2021-07-11 20:00:00,SITKA,AT SEA
2021-07-12,NG SEA BIRD,AS,2021-07-12 06:00:00,2021-07-12 22:00:00,AT SEA,AT SEA
2021-07-13,NG SEA BIRD,AS,2021-07-13 06:00:00,2021-07-13 22:00:00,AT SEA,AT SEA
2021-07-14,NG SEA BIRD,AS,2021-07-14 06:00:00,2021-07-14 22:00:00,AT SEA,TRACY ARM
2021-07-15,NG SEA BIRD,TA,2021-07-15 15:00:00,2021-07-15 19:00:00,TRACY ARM,JUNEAU
2021-07-16,NG SEA BIRD,JNU,2021-07-16 06:00:00,2021-07-16 23:00:00,JUNEAU,AT SEA
2021-07-17,NG SEA BIRD,AS,2021-07-17 06:00:00,2021-07-17 22:00:00,AT SEA,AT SEA
2021-07-18,NG SEA BIRD,AS,2021-07-18 06:00:00,2021-07-18 22:00:00,AT SEA,AT SEA
2021-07-19,NG SEA BIRD,AS,2021-07-19 06:00:00,2021-07-19 22:00:00,AT SEA,AT SEA
2021-07-20,NG SEA BIRD,AS,2021-07-20 06:00:00,2021-07-20 22:00:00,AT SEA,AT SEA
2021-07-21,NG SEA BIRD,AS,2021-07-21 06:00:00,2021-07-21 22:00:00,AT SEA,AT SEA
2021-07-22,NG SEA BIRD,AS,2021-07-22 06:00:00,2021-07-22 22:00:00,AT SEA,AT SEA
2021-07-23,NG SEA BIRD,AS,2021-07-23 06:00:00,2021-07-23 22:00:00,AT SEA,AT SEA
2021-07-24,NG SEA BIRD,AS,2021-07-24 06:00:00,2021-07-24 22:00:00,AT SEA,AT SEA
2021-07-25,NG SEA BIRD,AS,2021-07-25 06:00:00,2021-07-25 22:00:00,AT SEA,AT SEA
2021-07-26,NG SEA BIRD,AS,2021-07-26 06:00:00,2021-07-26 22:00:00,AT SEA,AT SEA
2021-07-27,NG SEA BIRD,AS,2021-07-27 06:00:00,2021-07-27 22:00:00,AT SEA,AT SEA
2021-07-28,NG SEA BIRD,AS,2021-07-28 06:00:00,2021-07-28 22:00:00,AT SEA,AT SEA
2021-07-29,NG SEA BIRD,AS,2021-07-29 06:00:00,2021-07-29 22:00:00,AT SEA,AT SEA
2021-07-30,NG SEA BIRD,AS,2021-07-30 06:00:00,2021-07-30 22:00:00,AT SEA,AT SEA
2021-07-31,NG SEA BIRD,AS,2021-07-31 06:00:00,2021-07-31 22:00:00,AT SEA,AT SEA
2021-08-01,NG SEA BIRD,AS,2021-08-01 06:00:00,2021-08-01 22:00:00,AT SEA,AT SEA
2021-08-02,NG SEA BIRD,AS,2021-08-02 06:00:00,2021-08-02 22:00:00,AT SEA,AT SEA
2021-08-03,NG SEA BIRD,AS,2021-08-03 06:00:00,2021-08-03 22:00:00,AT SEA,TRACY ARM
2021-08-04,NG SEA BIRD,TA,2021-08-04 15:00:00,2021-08-04 19:00:00,TRACY ARM,JUNEAU
2021-08-05,NG SEA BIRD,JNU,2021-08-05 06:00:00,2021-08-05 23:00:00,JUNEAU,AT SEA
2021-08-06,NG SEA BIRD,AS,2021-08-06 06:00:00,2021-08-06 22:00:00,AT SEA,AT SEA
2021-08-07,NG SEA BIRD,AS,2021-08-07 06:00:00,2021-08-07 22:00:00,AT SEA,AT SEA
2021-08-08,NG SEA BIRD,AS,2021-08-08 06:00:00,2021-08-08 22:00:00,AT SEA,AT SEA
2021-08-09,NG SEA BIRD,AS,2021-08-09 06:00:00,2021-08-09 22:00:00,AT SEA,AT SEA
2021-08-10,NG SEA BIRD,AS,2021-08-10 06:00:00,2021-08-10 22:00:00,AT SEA,AT SEA
2021-08-11,NG SEA BIRD,AS,2021-08-11 06:00:00,2021-08-11 22:00:00,AT SEA,AT SEA
2021-08-12,NG SEA BIRD,AS,2021-08-12 06:00:00,2021-08-12 22:00:00,AT SEA,AT SEA
2021-08-13,NG SEA BIRD,AS,2021-08-13 06:00:00,2021-08-13 22:00:00,AT SEA,AT SEA
2021-08-14,NG SEA BIRD,AS,2021-08-14 06:00:00,2021-08-14 22:00:00,AT SEA,AT SEA
2021-08-15,NG SEA BIRD,AS,2021-08-15 06:00:00,2021-08-15 22:00:00,AT SEA,AT SEA
2021-08-16,NG SEA BIRD,AS,2021-08-16 06:00:00,2021-08-16 22:00:00,AT SEA,AT SEA
2021-08-17,NG SEA BIRD,AS,2021-08-17 06:00:00,2021-08-17 22:00:00,AT SEA,AT SEA
2021-08-18,NG SEA BIRD,AS,2021-08-18 06:00:00,2021-08-18 22:00:00,AT SEA,AT SEA
2021-08-19,NG SEA BIRD,AS,2021-08-19 06:00:00,2021-08-19 22:00:00,AT SEA,AT SEA
2021-08-20,NG SEA BIRD,AS,2021-08-20 06:00:00,2021-08-20 22:00:00,AT SEA,AT SEA
2021-08-21,NG SEA BIRD,AS,2021-08-21 06:00:00,2021-08-21 22:00:00,AT SEA,AT SEA
2021-08-22,NG SEA BIRD,AS,2021-08-22 06:00:00,2021-08-22 22:00:00,AT SEA,AT SEA
2021-08-23,NG SEA BIRD,AS,2021-08-23 06:00:00,2021-08-23 22:00:00,AT SEA,TRACY ARM
2021-08-24,NG SEA BIRD,TA,2021-08-24 15:00:00,2021-08-24 19:00:00,TRACY ARM,JUNEAU
2021-08-25,NG SEA BIRD,JNU,2021-08-25 06:00:00,2021-08-25 23:00:00,JUNEAU,
2021-06-21,NG SEA LION,KTN,2021-06-21 06:00:00,2021-06-21 23:00:00,KETCHIKAN,MISTY FJORD
2021-06-22,NG SEA LION,MFJ,2021-06-22 07:00:00,2021-06-22 19:00:00,MISTY FJORD,AT SEA
2021-06-23,NG SEA LION,AS,2021-06-23 06:00:00,2021-06-23 22:00:00,AT SEA,KETCHIKAN
2021-06-24,NG SEA LION,KTN,2021-06-24 06:00:00,unknown,KETCHIKAN,KETCHIKAN
2021-06-25,NG SEA LION,KTN,unknown,2021-06-25 23:00:00,KETCHIKAN,MISTY FJORD
2021-06-26,NG SEA LION,MFJ,2021-06-26 07:00:00,2021-06-26 19:00:00,MISTY FJORD,AT SEA
2021-06-27,NG SEA LION,AS,2021-06-27 06:00:00,2021-06-27 22:00:00,AT SEA,AT SEA
2021-06-28,NG SEA LION,AS,2021-06-28 06:00:00,2021-06-28 22:00:00,AT SEA,AT SEA
2021-06-29,NG SEA LION,AS,2021-06-29 06:00:00,2021-06-29 22:00:00,AT SEA,AT SEA
2021-06-30,NG SEA LION,AS,2021-06-30 06:00:00,2021-06-30 22:00:00,AT SEA,AT SEA
2021-07-01,NG SEA LION,AS,2021-07-01 06:00:00,2021-07-01 22:00:00,AT SEA,AT SEA
2021-07-02,NG SEA LION,AS,2021-07-02 06:00:00,2021-07-02 22:00:00,AT SEA,AT SEA
2021-07-03,NG SEA LION,AS,2021-07-03 06:00:00,2021-07-03 22:00:00,AT SEA,AT SEA
2021-07-04,NG SEA LION,AS,2021-07-04 06:00:00,2021-07-04 22:00:00,AT SEA,AT SEA
2021-07-05,NG SEA LION,AS,2021-07-05 06:00:00,2021-07-05 22:00:00,AT SEA,AT SEA
2021-07-06,NG SEA LION,AS,2021-07-06 06:00:00,2021-07-06 22:00:00,AT SEA,AT SEA
2021-07-07,NG SEA LION,AS,2021-07-07 06:00:00,2021-07-07 22:00:00,AT SEA,AT SEA
2021-07-08,NG SEA LION,AS,2021-07-08 06:00:00,2021-07-08 22:00:00,AT SEA,AT SEA
2021-07-09,NG SEA LION,AS,2021-07-09 06:00:00,2021-07-09 22:00:00,AT SEA,AT SEA
2021-07-10,NG SEA LION,AS,2021-07-10 06:00:00,2021-07-10 22:00:00,AT SEA,AT SEA
2021-07-11,NG SEA LION,AS,2021-07-11 06:00:00,2021-07-11 22:00:00,AT SEA,AT SEA
2021-07-12,NG SEA LION,AS,2021-07-12 06:00:00,2021-07-12 22:00:00,AT SEA,AT SEA
2021-07-13,NG SEA LION,AS,2021-07-13 06:00:00,2021-07-13 22:00:00,AT SEA,MISTY FJORD
2021-07-14,NG SEA LION,MFJ,2021-07-14 12:00:00,2021-07-14 19:00:00,MISTY FJORD,KETCHIKAN
2021-07-15,NG SEA LION,KTN,2021-07-15 05:00:00,2021-07-15 22:00:00,KETCHIKAN,MISTY FJORD
2021-07-16,NG SEA LION,MFJ,2021-07-16 07:00:00,2021-07-16 19:00:00,MISTY FJORD,AT SEA
2021-07-17,NG SEA LION,AS,2021-07-17 06:00:00,2021-07-17 22:00:00,AT SEA,AT SEA
2021-07-18,NG SEA LION,AS,2021-07-18 06:00:00,2021-07-18 22:00:00,AT SEA,AT SEA
2021-07-19,NG SEA LION,AS,2021-07-19 06:00:00,2021-07-19 22:00:00,AT SEA,AT SEA
2021-07-20,NG SEA LION,AS,2021-07-20 06:00:00,2021-07-20 22:00:00,AT SEA,AT SEA
2021-07-21,NG SEA LION,AS,2021-07-21 06:00:00,2021-07-21 22:00:00,AT SEA,AT SEA
2021-07-22,NG SEA LION,AS,2021-07-22 06:00:00,2021-07-22 22:00:00,AT SEA,AT SEA
2021-07-23,NG SEA LION,AS,2021-07-23 06:00:00,2021-07-23 22:00:00,AT SEA,AT SEA
2021-07-24,NG SEA LION,AS,2021-07-24 06:00:00,2021-07-24 22:00:00,AT SEA,AT SEA
2021-07-25,NG SEA LION,AS,2021-07-25 06:00:00,2021-07-25 22:00:00,AT SEA,AT SEA
2021-07-26,NG SEA LION,AS,2021-07-26 06:00:00,2021-07-26 22:00:00,AT SEA,AT SEA
2021-07-27,NG SEA LION,AS,2021-07-27 06:00:00,2021-07-27 22:00:00,AT SEA,AT SEA
2021-07-28,NG SEA LION,AS,2021-07-28 06:00:00,2021-07-28 22:00:00,AT SEA,AT SEA
2021-07-29,NG SEA LION,AS,2021-07-29 06:00:00,2021-07-29 22:00:00,AT SEA,AT SEA
2021-07-30,NG SEA LION,AS,2021-07-30 06:00:00,2021-07-30 22:00:00,AT SEA,AT SEA
2021-07-31,NG SEA LION,AS,2021-07-31 06:00:00,2021-07-31 22:00:00,AT SEA,AT SEA
2021-08-01,NG SEA LION,AS,2021-08-01 06:00:00,2021-08-01 22:00:00,AT SEA,AT SEA
2021-08-02,NG SEA LION,AS,2021-08-02 06:00:00,2021-08-02 22:00:00,AT SEA,MISTY FJORD
2021-08-03,NG SEA LION,MFJ,2021-08-03 12:00:00,2021-08-03 19:00:00,MISTY FJORD,KETCHIKAN
2021-08-04,NG SEA LION,KTN,2021-08-04 05:00:00,2021-08-04 22:00:00,KETCHIKAN,MISTY FJORD
2021-08-05,NG SEA LION,MFJ,2021-08-05 07:00:00,2021-08-05 19:00:00,MISTY FJORD,AT SEA
2021-08-06,NG SEA LION,AS,2021-08-06 06:00:00,2021-08-06 22:00:00,AT SEA,AT SEA
2021-08-07,NG SEA LION,AS,2021-08-07 06:00:00,2021-08-07 22:00:00,AT SEA,AT SEA
2021-08-08,NG SEA LION,AS,2021-08-08 06:00:00,2021-08-08 22:00:00,AT SEA,AT SEA
2021-08-09,NG SEA LION,AS,2021-08-09 06:00:00,2021-08-09 22:00:00,AT SEA,AT SEA
2021-08-10,NG SEA LION,AS,2021-08-10 06:00:00,2021-08-10 22:00:00,AT SEA,AT SEA
2021-08-11,NG SEA LION,AS,2021-08-11 06:00:00,2021-08-11 22:00:00,AT SEA,AT SEA
2021-08-12,NG SEA LION,AS,2021-08-12 06:00:00,2021-08-12 22:00:00,AT SEA,AT SEA
2021-08-13,NG SEA LION,AS,2021-08-13 06:00:00,2021-08-13 22:00:00,AT SEA,AT SEA
2021-08-14,NG SEA LION,AS,2021-08-14 06:00:00,2021-08-14 22:00:00,AT SEA,AT SEA
2021-08-15,NG SEA LION,AS,2021-08-15 06:00:00,2021-08-15 22:00:00,AT SEA,AT SEA
2021-08-16,NG SEA LION,AS,2021-08-16 06:00:00,2021-08-16 22:00:00,AT SEA,AT SEA
2021-08-17,NG SEA LION,AS,2021-08-17 06:00:00,2021-08-17 22:00:00,AT SEA,AT SEA
2021-08-18,NG SEA LION,AS,2021-08-18 06:00:00,2021-08-18 22:00:00,AT SEA,AT SEA
2021-08-19,NG SEA LION,AS,2021-08-19 06:00:00,2021-08-19 22:00:00,AT SEA,AT SEA
2021-08-20,NG SEA LION,AS,2021-08-20 06:00:00,2021-08-20 22:00:00,AT SEA,AT SEA
2021-08-21,NG SEA LION,AS,2021-08-21 06:00:00,2021-08-21 22:00:00,AT SEA,AT SEA
2021-08-22,NG SEA LION,AS,2021-08-22 06:00:00,2021-08-22 22:00:00,AT SEA,MISTY FJORD
2021-08-23,NG SEA LION,MFJ,2021-08-23 12:00:00,2021-08-23 19:00:00,MISTY FJORD,KETCHIKAN
2021-08-24,NG SEA LION,KTN,2021-08-24 06:00:00,2021-08-24 22:00:00,KETCHIKAN,MISTY FJORD
2021-08-25,NG SEA LION,MFJ,2021-08-25 06:00:00,2021-08-25 19:00:00,MISTY FJORD,
2021-06-20,NG VENTURE,JNU,2021-06-20 06:00:00,2021-06-20 23:00:00,JUNEAU,ENDICOTT ARM
2021-06-21,NG VENTURE,END,2021-06-21 15:00:00,2021-06-21 19:00:00,ENDICOTT ARM,PETERSBURG
2021-06-22,NG VENTURE,PTB,2021-06-22 07:00:00,2021-06-22 12:00:00,PETERSBURG,AT SEA
2021-06-23,NG VENTURE,AS,2021-06-23 06:00:00,2021-06-23 22:00:00,AT SEA,BARTLETT COVE
2021-06-24,NG VENTURE,BCV,2021-06-24 05:00:00,2021-06-24 22:00:00,BARTLETT COVE,AT SEA
2021-06-25,NG VENTURE,AS,2021-06-25 06:00:00,2021-06-25 22:00:00,AT SEA,AT SEA
2021-06-26,NG VENTURE,AS,2021-06-26 06:00:00,2021-06-26 22:00:00,AT SEA,AT SEA
2021-06-27,NG VENTURE,AS,2021-06-27 06:00:00,2021-06-27 22:00:00,AT SEA,AT SEA
2021-06-28,NG VENTURE,AS,2021-06-28 06:00:00,2021-06-28 22:00:00,AT SEA,AT SEA
2021-06-29,NG VENTURE,AS,2021-06-29 06:00:00,2021-06-29 22:00:00,AT SEA,AT SEA
2021-06-30,NG VENTURE,AS,2021-06-30 06:00:00,2021-06-30 22:00:00,AT SEA,AT SEA
2021-07-01,NG VENTURE,AS,2021-07-01 06:00:00,2021-07-01 22:00:00,AT SEA,AT SEA
2021-07-02,NG VENTURE,AS,2021-07-02 06:00:00,2021-07-02 22:00:00,AT SEA,AT SEA
2021-07-03,NG VENTURE,AS,2021-07-03 06:00:00,2021-07-03 22:00:00,AT SEA,AT SEA
2021-07-04,NG VENTURE,AS,2021-07-04 06:00:00,2021-07-04 22:00:00,AT SEA,AT SEA
2021-07-05,NG VENTURE,AS,2021-07-05 06:00:00,2021-07-05 22:00:00,AT SEA,AT SEA
2021-07-06,NG VENTURE,AS,2021-07-06 06:00:00,2021-07-06 22:00:00,AT SEA,AT SEA
2021-07-07,NG VENTURE,AS,2021-07-07 06:00:00,2021-07-07 22:00:00,AT SEA,AT SEA
2021-07-08,NG VENTURE,AS,2021-07-08 06:00:00,2021-07-08 22:00:00,AT SEA,AT SEA
2021-07-09,NG VENTURE,AS,2021-07-09 06:00:00,2021-07-09 22:00:00,AT SEA,AT SEA
2021-07-10,NG VENTURE,AS,2021-07-10 06:00:00,2021-07-10 22:00:00,AT SEA,SITKA
2021-07-11,NG VENTURE,SIT,2021-07-11 06:00:00,2021-07-11 18:00:00,SITKA,AT SEA
2021-07-12,NG VENTURE,AS,2021-07-12 06:00:00,2021-07-12 22:00:00,AT SEA,PETERSBURG
2021-07-13,NG VENTURE,PTB,2021-07-13 13:00:00,2021-07-13 20:00:00,PETERSBURG,ENDICOTT ARM
2021-07-14,NG VENTURE,END,2021-07-14 15:00:00,2021-07-14 19:00:00,ENDICOTT ARM,AT SEA
2021-07-15,NG VENTURE,AS,2021-07-15 06:00:00,2021-07-15 22:00:00,AT SEA,BARTLETT COVE
2021-07-16,NG VENTURE,BCV,2021-07-16 05:00:00,2021-07-16 22:00:00,BARTLETT COVE,AT SEA
2021-07-17,NG VENTURE,AS,2021-07-17 06:00:00,2021-07-17 22:00:00,AT SEA,AT SEA
2021-07-18,NG VENTURE,AS,2021-07-18 06:00:00,2021-07-18 22:00:00,AT SEA,AT SEA
2021-07-19,NG VENTURE,AS,2021-07-19 06:00:00,2021-07-19 22:00:00,AT SEA,AT SEA
2021-07-20,NG VENTURE,AS,2021-07-20 06:00:00,2021-07-20 22:00:00,AT SEA,AT SEA
2021-07-21,NG VENTURE,AS,2021-07-21 06:00:00,2021-07-21 22:00:00,AT SEA,AT SEA
2021-07-22,NG VENTURE,AS,2021-07-22 06:00:00,2021-07-22 22:00:00,AT SEA,AT SEA
2021-07-23,NG VENTURE,AS,2021-07-23 06:00:00,2021-07-23 22:00:00,AT SEA,AT SEA
2021-07-24,NG VENTURE,AS,2021-07-24 06:00:00,2021-07-24 22:00:00,AT SEA,AT SEA
2021-07-25,NG VENTURE,AS,2021-07-25 06:00:00,2021-07-25 22:00:00,AT SEA,AT SEA
2021-07-26,NG VENTURE,AS,2021-07-26 06:00:00,2021-07-26 22:00:00,AT SEA,AT SEA
2021-07-27,NG VENTURE,AS,2021-07-27 06:00:00,2021-07-27 22:00:00,AT SEA,AT SEA
2021-07-28,NG VENTURE,AS,2021-07-28 06:00:00,2021-07-28 22:00:00,AT SEA,AT SEA
2021-07-29,NG VENTURE,AS,2021-07-29 06:00:00,2021-07-29 22:00:00,AT SEA,AT SEA
2021-07-30,NG VENTURE,AS,2021-07-30 06:00:00,2021-07-30 22:00:00,AT SEA,AT SEA
2021-07-31,NG VENTURE,AS,2021-07-31 06:00:00,2021-07-31 22:00:00,AT SEA,JUNEAU
2021-08-01,NG VENTURE,JNU,2021-08-01 06:00:00,2021-08-01 23:00:00,JUNEAU,ENDICOTT ARM
2021-08-02,NG VENTURE,END,2021-08-02 15:00:00,2021-08-02 19:00:00,ENDICOTT ARM,AT SEA
2021-08-03,NG VENTURE,AS,2021-08-03 06:00:00,2021-08-03 22:00:00,AT SEA,PETERSBURG
2021-08-04,NG VENTURE,PTB,2021-08-04 07:00:00,2021-08-04 12:00:00,PETERSBURG,AT SEA
2021-08-05,NG VENTURE,AS,2021-08-05 06:00:00,2021-08-05 22:00:00,AT SEA,BARTLETT COVE
2021-08-06,NG VENTURE,BCV,2021-08-06 05:00:00,2021-08-06 22:00:00,BARTLETT COVE,AT SEA
2021-08-07,NG VENTURE,AS,2021-08-07 06:00:00,2021-08-07 22:00:00,AT SEA,AT SEA
2021-08-08,NG VENTURE,AS,2021-08-08 06:00:00,2021-08-08 22:00:00,AT SEA,AT SEA
2021-08-09,NG VENTURE,AS,2021-08-09 06:00:00,2021-08-09 22:00:00,AT SEA,AT SEA
2021-08-10,NG VENTURE,AS,2021-08-10 06:00:00,2021-08-10 22:00:00,AT SEA,AT SEA
2021-08-11,NG VENTURE,AS,2021-08-11 06:00:00,2021-08-11 22:00:00,AT SEA,AT SEA
2021-08-12,NG VENTURE,AS,2021-08-12 06:00:00,2021-08-12 22:00:00,AT SEA,AT SEA
2021-08-13,NG VENTURE,AS,2021-08-13 06:00:00,2021-08-13 22:00:00,AT SEA,AT SEA
2021-08-14,NG VENTURE,AS,2021-08-14 06:00:00,2021-08-14 22:00:00,AT SEA,AT SEA
2021-08-15,NG VENTURE,AS,2021-08-15 06:00:00,2021-08-15 22:00:00,AT SEA,AT SEA
2021-08-16,NG VENTURE,AS,2021-08-16 06:00:00,2021-08-16 22:00:00,AT SEA,AT SEA
2021-08-17,NG VENTURE,AS,2021-08-17 06:00:00,2021-08-17 22:00:00,AT SEA,AT SEA
2021-08-18,NG VENTURE,AS,2021-08-18 06:00:00,2021-08-18 22:00:00,AT SEA,AT SEA
2021-08-19,NG VENTURE,AS,2021-08-19 06:00:00,2021-08-19 22:00:00,AT SEA,AT SEA
2021-08-20,NG VENTURE,AS,2021-08-20 06:00:00,2021-08-20 22:00:00,AT SEA,AT SEA
2021-08-21,NG VENTURE,AS,2021-08-21 06:00:00,2021-08-21 22:00:00,AT SEA,SITKA
2021-08-22,NG VENTURE,SIT,2021-08-22 06:00:00,2021-08-22 18:00:00,SITKA,AT SEA
2021-08-23,NG VENTURE,AS,2021-08-23 06:00:00,2021-08-23 22:00:00,AT SEA,BARTLETT COVE
2021-08-24,NG VENTURE,BCV,2021-08-24 05:00:00,2021-08-24 22:00:00,BARTLETT COVE,AT SEA
2021-08-25,NG VENTURE,AS,2021-08-25 06:00:00,2021-08-25 22:00:00,AT SEA,AT SEA
2021-08-26,NG VENTURE,AS,2021-08-26 06:00:00,2021-08-26 22:00:00,AT SEA,PETERSBURG
2021-08-27,NG VENTURE,PTB,2021-08-27 07:00:00,2021-08-27 12:00:00,PETERSBURG,ENDICOTT ARM
2021-08-28,NG VENTURE,END,2021-08-28 15:00:00,2021-08-28 19:00:00,ENDICOTT ARM,
2021-08-02,NIEUW AMSTERDAM,JNU,2021-08-02 13:00:00,2021-08-02 22:00:00,JUNEAU,GLACIER BAY
2021-08-03,NIEUW AMSTERDAM,GB,2021-08-03 06:30:00,2021-08-03 15:30:00,GLACIER BAY,ICY STRAIT POINT
2021-08-03,NIEUW AMSTERDAM,ISP,2021-08-03 18:00:00,2021-08-03 22:00:00,ICY STRAIT POINT,SITKA
2021-08-04,NIEUW AMSTERDAM,SIT,2021-08-04 08:00:00,2021-08-04 17:00:00,SITKA,KETCHIKAN
2021-08-05,NIEUW AMSTERDAM,KTN,2021-08-05 07:00:00,2021-08-05 16:00:00,KETCHIKAN,AT SEA
2021-08-06,NIEUW AMSTERDAM,AS,2021-08-06 06:00:00,2021-08-06 22:00:00,AT SEA,SEATTLE
2021-08-07,NIEUW AMSTERDAM,SEA,2021-08-07 07:00:00,2021-08-07 16:00:00,SEATTLE,AT SEA
2021-08-08,NIEUW AMSTERDAM,AS,2021-08-08 06:00:00,2021-08-08 22:00:00,AT SEA,AT SEA
2021-08-09,NIEUW AMSTERDAM,AS,2021-08-09 06:00:00,2021-08-09 22:00:00,AT SEA,AT SEA
2021-08-10,NIEUW AMSTERDAM,AS,2021-08-10 06:00:00,2021-08-10 22:00:00,AT SEA,AT SEA
2021-08-11,NIEUW AMSTERDAM,AS,2021-08-11 06:00:00,2021-08-11 22:00:00,AT SEA,AT SEA
2021-08-12,NIEUW AMSTERDAM,AS,2021-08-12 06:00:00,2021-08-12 22:00:00,AT SEA,AT SEA
2021-08-13,NIEUW AMSTERDAM,AS,2021-08-13 06:00:00,2021-08-13 22:00:00,AT SEA,AT SEA
2021-08-14,NIEUW AMSTERDAM,AS,2021-08-14 06:00:00,2021-08-14 22:00:00,AT SEA,AT SEA
2021-08-15,NIEUW AMSTERDAM,AS,2021-08-15 06:00:00,2021-08-15 22:00:00,AT SEA,AT SEA
2021-08-16,NIEUW AMSTERDAM,AS,2021-08-16 06:00:00,2021-08-16 22:00:00,AT SEA,AT SEA
2021-08-17,NIEUW AMSTERDAM,AS,2021-08-17 06:00:00,2021-08-17 22:00:00,AT SEA,AT SEA
2021-08-18,NIEUW AMSTERDAM,AS,2021-08-18 06:00:00,2021-08-18 22:00:00,AT SEA,AT SEA
2021-08-19,NIEUW AMSTERDAM,AS,2021-08-19 06:00:00,2021-08-19 22:00:00,AT SEA,AT SEA
2021-08-20,NIEUW AMSTERDAM,AS,2021-08-20 06:00:00,2021-08-20 22:00:00,AT SEA,AT SEA
2021-08-21,NIEUW AMSTERDAM,AS,2021-08-21 06:00:00,2021-08-21 22:00:00,AT SEA,AT SEA
2021-08-22,NIEUW AMSTERDAM,AS,2021-08-22 06:00:00,2021-08-22 22:00:00,AT SEA,JUNEAU
2021-08-23,NIEUW AMSTERDAM,JNU,2021-08-23 13:00:00,2021-08-23 22:00:00,JUNEAU,GLACIER BAY
2021-08-24,NIEUW AMSTERDAM,GB,2021-08-24 06:30:00,2021-08-24 15:30:00,GLACIER BAY,ICY STRAIT POINT
2021-08-24,NIEUW AMSTERDAM,ISP,2021-08-24 18:00:00,2021-08-24 22:00:00,ICY STRAIT POINT,SITKA
2021-08-25,NIEUW AMSTERDAM,SIT,2021-08-25 08:00:00,2021-08-25 17:00:00,SITKA,KETCHIKAN
2021-08-26,NIEUW AMSTERDAM,KTN,2021-08-26 07:00:00,2021-08-26 16:00:00,KETCHIKAN,AT SEA
2021-08-27,NIEUW AMSTERDAM,AS,2021-08-27 06:00:00,2021-08-27 22:00:00,AT SEA,SEATTLE
2021-08-28,NIEUW AMSTERDAM,SEA,2021-08-28 07:00:00,2021-08-28 16:00:00,SEATTLE,AT SEA
2021-08-29,NIEUW AMSTERDAM,AS,2021-08-29 06:00:00,2021-08-29 22:00:00,AT SEA,AT SEA
2021-08-30,NIEUW AMSTERDAM,AS,2021-08-30 06:00:00,2021-08-30 22:00:00,AT SEA,AT SEA
2021-08-31,NIEUW AMSTERDAM,AS,2021-08-31 06:00:00,2021-08-31 22:00:00,AT SEA,AT SEA
2021-09-01,NIEUW AMSTERDAM,AS,2021-09-01 06:00:00,2021-09-01 22:00:00,AT SEA,AT SEA
2021-09-02,NIEUW AMSTERDAM,AS,2021-09-02 06:00:00,2021-09-02 22:00:00,AT SEA,AT SEA
2021-09-03,NIEUW AMSTERDAM,AS,2021-09-03 06:00:00,2021-09-03 22:00:00,AT SEA,AT SEA
2021-09-04,NIEUW AMSTERDAM,AS,2021-09-04 06:00:00,2021-09-04 22:00:00,AT SEA,AT SEA
2021-09-05,NIEUW AMSTERDAM,AS,2021-09-05 06:00:00,2021-09-05 22:00:00,AT SEA,AT SEA
2021-09-06,NIEUW AMSTERDAM,AS,2021-09-06 06:00:00,2021-09-06 22:00:00,AT SEA,AT SEA
2021-09-07,NIEUW AMSTERDAM,AS,2021-09-07 06:00:00,2021-09-07 22:00:00,AT SEA,AT SEA
2021-09-08,NIEUW AMSTERDAM,AS,2021-09-08 06:00:00,2021-09-08 22:00:00,AT SEA,AT SEA
2021-09-09,NIEUW AMSTERDAM,AS,2021-09-09 06:00:00,2021-09-09 22:00:00,AT SEA,AT SEA
2021-09-10,NIEUW AMSTERDAM,AS,2021-09-10 06:00:00,2021-09-10 22:00:00,AT SEA,AT SEA
2021-09-11,NIEUW AMSTERDAM,AS,2021-09-11 06:00:00,2021-09-11 22:00:00,AT SEA,AT SEA
2021-09-12,NIEUW AMSTERDAM,AS,2021-09-12 06:00:00,2021-09-12 22:00:00,AT SEA,JUNEAU
2021-09-13,NIEUW AMSTERDAM,JNU,2021-09-13 13:00:00,2021-09-13 22:00:00,JUNEAU,GLACIER BAY
2021-09-14,NIEUW AMSTERDAM,GB,2021-09-14 06:30:00,2021-09-14 15:30:00,GLACIER BAY,ICY STRAIT POINT
2021-09-14,NIEUW AMSTERDAM,ISP,2021-09-14 18:00:00,2021-09-14 22:00:00,ICY STRAIT POINT,SITKA
2021-09-15,NIEUW AMSTERDAM,SIT,2021-09-15 08:00:00,2021-09-15 17:00:00,SITKA,KETCHIKAN
2021-09-16,NIEUW AMSTERDAM,KTN,2021-09-16 07:00:00,2021-09-16 16:00:00,KETCHIKAN,AT SEA
2021-09-17,NIEUW AMSTERDAM,AS,2021-09-17 06:00:00,2021-09-17 22:00:00,AT SEA,SEATTLE
2021-09-18,NIEUW AMSTERDAM,SEA,2021-09-18 07:00:00,2021-09-18 16:00:00,SEATTLE,
2021-08-02,NORWEGIAN ENCORE,SEA,2021-08-02 06:00:00,2021-08-02 17:00:00,SEATTLE,AT SEA
2021-08-03,NORWEGIAN ENCORE,AS,2021-08-03 06:00:00,2021-08-03 22:00:00,AT SEA,KETCHIKAN
2021-08-04,NORWEGIAN ENCORE,KTN,2021-08-04 08:00:00,2021-08-04 17:00:00,KETCHIKAN,AT SEA
2021-08-05,NORWEGIAN ENCORE,AS,2021-08-05 06:00:00,2021-08-05 22:00:00,AT SEA,SEATTLE
2021-08-06,NORWEGIAN ENCORE,SEA,2021-08-06 06:00:00,unknown,SEATTLE,SEATTLE
2021-08-07,NORWEGIAN ENCORE,SEA,unknown,2021-08-07 17:00:00,SEATTLE,AT SEA
2021-08-08,NORWEGIAN ENCORE,AS,2021-08-08 06:00:00,2021-08-08 22:00:00,AT SEA,AT SEA
2021-08-09,NORWEGIAN ENCORE,AS,2021-08-09 06:00:00,2021-08-09 22:00:00,AT SEA,AT SEA
2021-08-10,NORWEGIAN ENCORE,AS,2021-08-10 06:00:00,2021-08-10 22:00:00,AT SEA,AT SEA
2021-08-11,NORWEGIAN ENCORE,AS,2021-08-11 06:00:00,2021-08-11 22:00:00,AT SEA,AT SEA
2021-08-12,NORWEGIAN ENCORE,AS,2021-08-12 06:00:00,2021-08-12 22:00:00,AT SEA,AT SEA
2021-08-13,NORWEGIAN ENCORE,AS,2021-08-13 06:00:00,2021-08-13 22:00:00,AT SEA,AT SEA
2021-08-14,NORWEGIAN ENCORE,AS,2021-08-14 06:00:00,2021-08-14 22:00:00,AT SEA,AT SEA
2021-08-15,NORWEGIAN ENCORE,AS,2021-08-15 06:00:00,2021-08-15 22:00:00,AT SEA,AT SEA
2021-08-16,NORWEGIAN ENCORE,AS,2021-08-16 06:00:00,2021-08-16 22:00:00,AT SEA,AT SEA
2021-08-17,NORWEGIAN ENCORE,AS,2021-08-17 06:00:00,2021-08-17 22:00:00,AT SEA,AT SEA
2021-08-18,NORWEGIAN ENCORE,AS,2021-08-18 06:00:00,2021-08-18 22:00:00,AT SEA,AT SEA
2021-08-19,NORWEGIAN ENCORE,AS,2021-08-19 06:00:00,2021-08-19 22:00:00,AT SEA,AT SEA
2021-08-20,NORWEGIAN ENCORE,AS,2021-08-20 06:00:00,2021-08-20 22:00:00,AT SEA,AT SEA
2021-08-21,NORWEGIAN ENCORE,AS,2021-08-21 06:00:00,2021-08-21 22:00:00,AT SEA,AT SEA
2021-08-22,NORWEGIAN ENCORE,AS,2021-08-22 06:00:00,2021-08-22 22:00:00,AT SEA,ICY STRAIT POINT
2021-08-23,NORWEGIAN ENCORE,ISP,2021-08-23 13:00:00,2021-08-23 21:00:00,ICY STRAIT POINT,SKAGWAY
2021-08-24,NORWEGIAN ENCORE,SKG,2021-08-24 08:00:00,2021-08-24 21:00:00,SKAGWAY,ENDICOTT ARM
2021-08-25,NORWEGIAN ENCORE,END,2021-08-25 17:00:00,2021-08-25 21:00:00,ENDICOTT ARM,JUNEAU
2021-08-25,NORWEGIAN ENCORE,JNU,2021-08-25 06:00:00,2021-08-25 13:30:00,JUNEAU,KETCHIKAN
2021-08-26,NORWEGIAN ENCORE,KTN,2021-08-26 10:00:00,2021-08-26 18:00:00,KETCHIKAN,AT SEA
2021-08-27,NORWEGIAN ENCORE,AS,2021-08-27 06:00:00,2021-08-27 22:00:00,AT SEA,SEATTLE
2021-08-28,NORWEGIAN ENCORE,SEA,2021-08-28 04:00:00,2021-08-28 17:00:00,SEATTLE,AT SEA
2021-08-29,NORWEGIAN ENCORE,AS,2021-08-29 06:00:00,2021-08-29 22:00:00,AT SEA,AT SEA
2021-08-30,NORWEGIAN ENCORE,AS,2021-08-30 06:00:00,2021-08-30 22:00:00,AT SEA,AT SEA
2021-08-31,NORWEGIAN ENCORE,AS,2021-08-31 06:00:00,2021-08-31 22:00:00,AT SEA,AT SEA
2021-09-01,NORWEGIAN ENCORE,AS,2021-09-01 06:00:00,2021-09-01 22:00:00,AT SEA,AT SEA
2021-09-02,NORWEGIAN ENCORE,AS,2021-09-02 06:00:00,2021-09-02 22:00:00,AT SEA,AT SEA
2021-09-03,NORWEGIAN ENCORE,AS,2021-09-03 06:00:00,2021-09-03 22:00:00,AT SEA,AT SEA
2021-09-04,NORWEGIAN ENCORE,AS,2021-09-04 06:00:00,2021-09-04 22:00:00,AT SEA,AT SEA
2021-09-05,NORWEGIAN ENCORE,AS,2021-09-05 06:00:00,2021-09-05 22:00:00,AT SEA,AT SEA
2021-09-06,NORWEGIAN ENCORE,AS,2021-09-06 06:00:00,2021-09-06 22:00:00,AT SEA,AT SEA
2021-09-07,NORWEGIAN ENCORE,AS,2021-09-07 06:00:00,2021-09-07 22:00:00,AT SEA,AT SEA
2021-09-08,NORWEGIAN ENCORE,AS,2021-09-08 06:00:00,2021-09-08 22:00:00,AT SEA,AT SEA
2021-09-09,NORWEGIAN ENCORE,AS,2021-09-09 06:00:00,2021-09-09 22:00:00,AT SEA,AT SEA
2021-09-10,NORWEGIAN ENCORE,AS,2021-09-10 06:00:00,2021-09-10 22:00:00,AT SEA,AT SEA
2021-09-11,NORWEGIAN ENCORE,AS,2021-09-11 06:00:00,2021-09-11 22:00:00,AT SEA,AT SEA
2021-09-12,NORWEGIAN ENCORE,AS,2021-09-12 06:00:00,2021-09-12 22:00:00,AT SEA,ICY STRAIT POINT
2021-09-13,NORWEGIAN ENCORE,ISP,2021-09-13 13:00:00,2021-09-13 21:00:00,ICY STRAIT POINT,GLACIER BAY
2021-09-14,NORWEGIAN ENCORE,GB,2021-09-14 07:00:00,2021-09-14 16:00:00,GLACIER BAY,JUNEAU
2021-09-15,NORWEGIAN ENCORE,JNU,2021-09-15 07:00:00,2021-09-15 16:00:00,JUNEAU,KETCHIKAN
2021-09-16,NORWEGIAN ENCORE,KTN,2021-09-16 08:00:00,2021-09-16 17:00:00,KETCHIKAN,AT SEA
2021-09-17,NORWEGIAN ENCORE,AS,2021-09-17 06:00:00,2021-09-17 22:00:00,AT SEA,SEATTLE
2021-09-18,NORWEGIAN ENCORE,SEA,2021-09-18 04:00:00,2021-09-18 17:00:00,SEATTLE,AT SEA
2021-09-19,NORWEGIAN ENCORE,AS,2021-09-19 06:00:00,2021-09-19 22:00:00,AT SEA,AT SEA
2021-09-20,NORWEGIAN ENCORE,AS,2021-09-20 06:00:00,2021-09-20 22:00:00,AT SEA,AT SEA
2021-09-21,NORWEGIAN ENCORE,AS,2021-09-21 06:00:00,2021-09-21 22:00:00,AT SEA,AT SEA
2021-09-22,NORWEGIAN ENCORE,AS,2021-09-22 06:00:00,2021-09-22 22:00:00,AT SEA,AT SEA
2021-09-23,NORWEGIAN ENCORE,AS,2021-09-23 06:00:00,2021-09-23 22:00:00,AT SEA,AT SEA
2021-09-24,NORWEGIAN ENCORE,AS,2021-09-24 06:00:00,2021-09-24 22:00:00,AT SEA,AT SEA
2021-09-25,NORWEGIAN ENCORE,AS,2021-09-25 06:00:00,2021-09-25 22:00:00,AT SEA,AT SEA
2021-09-26,NORWEGIAN ENCORE,AS,2021-09-26 06:00:00,2021-09-26 22:00:00,AT SEA,AT SEA
2021-09-27,NORWEGIAN ENCORE,AS,2021-09-27 06:00:00,2021-09-27 22:00:00,AT SEA,AT SEA
2021-09-28,NORWEGIAN ENCORE,AS,2021-09-28 06:00:00,2021-09-28 22:00:00,AT SEA,AT SEA
2021-09-29,NORWEGIAN ENCORE,AS,2021-09-29 06:00:00,2021-09-29 22:00:00,AT SEA,AT SEA
2021-09-30,NORWEGIAN ENCORE,AS,2021-09-30 06:00:00,2021-09-30 22:00:00,AT SEA,AT SEA
2021-10-01,NORWEGIAN ENCORE,AS,2021-10-01 06:00:00,2021-10-01 22:00:00,AT SEA,AT SEA
2021-10-02,NORWEGIAN ENCORE,AS,2021-10-02 06:00:00,2021-10-02 22:00:00,AT SEA,AT SEA
2021-10-03,NORWEGIAN ENCORE,AS,2021-10-03 06:00:00,2021-10-03 22:00:00,AT SEA,ICY STRAIT POINT
2021-10-04,NORWEGIAN ENCORE,ISP,2021-10-04 13:00:00,2021-10-04 21:00:00,ICY STRAIT POINT,GLACIER BAY
2021-10-05,NORWEGIAN ENCORE,GB,2021-10-05 07:15:00,2021-10-05 16:00:00,GLACIER BAY,JUNEAU
2021-10-06,NORWEGIAN ENCORE,JNU,2021-10-06 07:00:00,2021-10-06 16:00:00,JUNEAU,KETCHIKAN
2021-10-07,NORWEGIAN ENCORE,KTN,2021-10-07 08:00:00,2021-10-07 17:00:00,KETCHIKAN,AT SEA
2021-10-08,NORWEGIAN ENCORE,AS,2021-10-08 06:00:00,2021-10-08 22:00:00,AT SEA,SEATTLE
2021-10-09,NORWEGIAN ENCORE,SEA,2021-10-09 04:00:00,2021-10-09 17:00:00,SEATTLE,
2021-08-02,OVATION OF SEAS,KTN,2021-08-02 08:00:00,2021-08-02 17:00:00,KETCHIKAN,AT SEA
2021-08-03,OVATION OF SEAS,AS,2021-08-03 06:00:00,2021-08-03 22:00:00,AT SEA,SEATTLE
2021-08-04,OVATION OF SEAS,SEA,2021-08-04 06:00:00,unknown,SEATTLE,AT SEA
2021-08-05,OVATION OF SEAS,AS,2021-08-05 06:00:00,2021-08-05 22:00:00,AT SEA,AT SEA
2021-08-06,OVATION OF SEAS,AS,2021-08-06 06:00:00,2021-08-06 22:00:00,AT SEA,AT SEA
2021-08-07,OVATION OF SEAS,AS,2021-08-07 06:00:00,2021-08-07 22:00:00,AT SEA,AT SEA
2021-08-08,OVATION OF SEAS,AS,2021-08-08 06:00:00,2021-08-08 22:00:00,AT SEA,AT SEA
2021-08-09,OVATION OF SEAS,AS,2021-08-09 06:00:00,2021-08-09 22:00:00,AT SEA,AT SEA
2021-08-10,OVATION OF SEAS,AS,2021-08-10 06:00:00,2021-08-10 22:00:00,AT SEA,AT SEA
2021-08-11,OVATION OF SEAS,AS,2021-08-11 06:00:00,2021-08-11 22:00:00,AT SEA,AT SEA
2021-08-12,OVATION OF SEAS,AS,2021-08-12 06:00:00,2021-08-12 22:00:00,AT SEA,AT SEA
2021-08-13,OVATION OF SEAS,AS,2021-08-13 06:00:00,2021-08-13 22:00:00,AT SEA,AT SEA
2021-08-14,OVATION OF SEAS,AS,2021-08-14 06:00:00,2021-08-14 22:00:00,AT SEA,AT SEA
2021-08-15,OVATION OF SEAS,AS,2021-08-15 06:00:00,2021-08-15 22:00:00,AT SEA,AT SEA
2021-08-16,OVATION OF SEAS,AS,2021-08-16 06:00:00,2021-08-16 22:00:00,AT SEA,AT SEA
2021-08-17,OVATION OF SEAS,AS,2021-08-17 06:00:00,2021-08-17 22:00:00,AT SEA,AT SEA
2021-08-18,OVATION OF SEAS,AS,2021-08-18 06:00:00,2021-08-18 22:00:00,AT SEA,AT SEA
2021-08-19,OVATION OF SEAS,AS,2021-08-19 06:00:00,2021-08-19 22:00:00,AT SEA,AT SEA
2021-08-20,OVATION OF SEAS,AS,2021-08-20 06:00:00,2021-08-20 22:00:00,AT SEA,AT SEA
2021-08-21,OVATION OF SEAS,AS,2021-08-21 06:00:00,2021-08-21 22:00:00,AT SEA,JUNEAU
2021-08-22,OVATION OF SEAS,JNU,2021-08-22 14:00:00,2021-08-22 21:00:00,JUNEAU,SKAGWAY
2021-08-23,OVATION OF SEAS,SKG,2021-08-23 07:00:00,2021-08-23 18:00:00,SKAGWAY,SITKA
2021-08-24,OVATION OF SEAS,SIT,2021-08-24 08:00:00,2021-08-24 17:00:00,SITKA,ENDICOTT ARM
2021-08-25,OVATION OF SEAS,END,2021-08-25 05:00:00,2021-08-25 10:00:00,ENDICOTT ARM,AT SEA
2021-08-26,OVATION OF SEAS,AS,2021-08-26 06:00:00,2021-08-26 22:00:00,AT SEA,SEATTLE
2021-08-27,OVATION OF SEAS,SEA,2021-08-27 06:00:00,2021-08-27 18:00:00,SEATTLE,AT SEA
2021-08-28,OVATION OF SEAS,AS,2021-08-28 06:00:00,2021-08-28 22:00:00,AT SEA,AT SEA
2021-08-29,OVATION OF SEAS,AS,2021-08-29 06:00:00,2021-08-29 22:00:00,AT SEA,AT SEA
2021-08-30,OVATION OF SEAS,AS,2021-08-30 06:00:00,2021-08-30 22:00:00,AT SEA,AT SEA
2021-08-31,OVATION OF SEAS,AS,2021-08-31 06:00:00,2021-08-31 22:00:00,AT SEA,AT SEA
2021-09-01,OVATION OF SEAS,AS,2021-09-01 06:00:00,2021-09-01 22:00:00,AT SEA,AT SEA
2021-09-02,OVATION OF SEAS,AS,2021-09-02 06:00:00,2021-09-02 22:00:00,AT SEA,AT SEA
2021-09-03,OVATION OF SEAS,AS,2021-09-03 06:00:00,2021-09-03 22:00:00,AT SEA,AT SEA
2021-09-04,OVATION OF SEAS,AS,2021-09-04 06:00:00,2021-09-04 22:00:00,AT SEA,AT SEA
2021-09-05,OVATION OF SEAS,AS,2021-09-05 06:00:00,2021-09-05 22:00:00,AT SEA,AT SEA
2021-09-06,OVATION OF SEAS,AS,2021-09-06 06:00:00,2021-09-06 22:00:00,AT SEA,AT SEA
2021-09-07,OVATION OF SEAS,AS,2021-09-07 06:00:00,2021-09-07 22:00:00,AT SEA,AT SEA
2021-09-08,OVATION OF SEAS,AS,2021-09-08 06:00:00,2021-09-08 22:00:00,AT SEA,AT SEA
2021-09-09,OVATION OF SEAS,AS,2021-09-09 06:00:00,2021-09-09 22:00:00,AT SEA,AT SEA
2021-09-10,OVATION OF SEAS,AS,2021-09-10 06:00:00,2021-09-10 22:00:00,AT SEA,AT SEA
2021-09-11,OVATION OF SEAS,AS,2021-09-11 06:00:00,2021-09-11 22:00:00,AT SEA,JUNEAU
2021-09-12,OVATION OF SEAS,JNU,2021-09-12 14:00:00,2021-09-12 21:00:00,JUNEAU,SKAGWAY
2021-09-13,OVATION OF SEAS,SKG,2021-09-13 07:00:00,2021-09-13 18:00:00,SKAGWAY,SITKA
2021-09-14,OVATION OF SEAS,SIT,2021-09-14 08:00:00,2021-09-14 17:00:00,SITKA,ENDICOTT ARM
2021-09-15,OVATION OF SEAS,END,2021-09-15 05:00:00,2021-09-15 10:00:00,ENDICOTT ARM,AT SEA
2021-09-16,OVATION OF SEAS,AS,2021-09-16 06:00:00,2021-09-16 22:00:00,AT SEA,SEATTLE
2021-09-17,OVATION OF SEAS,SEA,2021-09-17 06:00:00,2021-09-17 18:00:00,SEATTLE,AT SEA
2021-09-18,OVATION OF SEAS,AS,2021-09-18 06:00:00,2021-09-18 22:00:00,AT SEA,AT SEA
2021-09-19,OVATION OF SEAS,AS,2021-09-19 06:00:00,2021-09-19 22:00:00,AT SEA,AT SEA
2021-09-20,OVATION OF SEAS,AS,2021-09-20 06:00:00,2021-09-20 22:00:00,AT SEA,AT SEA
2021-09-21,OVATION OF SEAS,AS,2021-09-21 06:00:00,2021-09-21 22:00:00,AT SEA,AT SEA
2021-09-22,OVATION OF SEAS,AS,2021-09-22 06:00:00,2021-09-22 22:00:00,AT SEA,AT SEA
2021-09-23,OVATION OF SEAS,AS,2021-09-23 06:00:00,2021-09-23 22:00:00,AT SEA,AT SEA
2021-09-24,OVATION OF SEAS,AS,2021-09-24 06:00:00,2021-09-24 22:00:00,AT SEA,AT SEA
2021-09-25,OVATION OF SEAS,AS,2021-09-25 06:00:00,2021-09-25 22:00:00,AT SEA,AT SEA
2021-09-26,OVATION OF SEAS,AS,2021-09-26 06:00:00,2021-09-26 22:00:00,AT SEA,AT SEA
2021-09-27,OVATION OF SEAS,AS,2021-09-27 06:00:00,2021-09-27 22:00:00,AT SEA,AT SEA
2021-09-28,OVATION OF SEAS,AS,2021-09-28 06:00:00,2021-09-28 22:00:00,AT SEA,AT SEA
2021-09-29,OVATION OF SEAS,AS,2021-09-29 06:00:00,2021-09-29 22:00:00,AT SEA,AT SEA
2021-09-30,OVATION OF SEAS,AS,2021-09-30 06:00:00,2021-09-30 22:00:00,AT SEA,AT SEA
2021-10-01,OVATION OF SEAS,AS,2021-10-01 06:00:00,2021-10-01 22:00:00,AT SEA,AT SEA
2021-10-02,OVATION OF SEAS,AS,2021-10-02 06:00:00,2021-10-02 22:00:00,AT SEA,KETCHIKAN
2021-10-03,OVATION OF SEAS,KTN,2021-10-03 07:00:00,2021-10-03 16:00:00,KETCHIKAN,JUNEAU
2021-10-04,OVATION OF SEAS,JNU,2021-10-04 11:00:00,2021-10-04 21:00:00,JUNEAU,SKAGWAY
2021-10-05,OVATION OF SEAS,SKG,2021-10-05 07:00:00,2021-10-05 18:00:00,SKAGWAY,ENDICOTT ARM
2021-10-06,OVATION OF SEAS,END,2021-10-06 07:00:00,2021-10-06 12:00:00,ENDICOTT ARM,AT SEA
2021-10-07,OVATION OF SEAS,AS,2021-10-07 06:00:00,2021-10-07 22:00:00,AT SEA,SEATTLE
2021-10-08,OVATION OF SEAS,SEA,2021-10-08 06:00:00,2021-10-08 18:00:00,SEATTLE,
2021-07-11,SERENADE OF THE SEA,SEA,2021-07-11 06:00:00,2021-07-11 17:00:00,SEATTLE,AT SEA
2021-07-12,SERENADE OF THE SEA,AS,2021-07-12 06:00:00,2021-07-12 22:00:00,AT SEA,AT SEA
2021-07-13,SERENADE OF THE SEA,AS,2021-07-13 06:00:00,2021-07-13 22:00:00,AT SEA,AT SEA
2021-07-14,SERENADE OF THE SEA,AS,2021-07-14 06:00:00,2021-07-14 22:00:00,AT SEA,AT SEA
2021-07-15,SERENADE OF THE SEA,AS,2021-07-15 06:00:00,2021-07-15 22:00:00,AT SEA,AT SEA
2021-07-16,SERENADE OF THE SEA,AS,2021-07-16 06:00:00,2021-07-16 22:00:00,AT SEA,AT SEA
2021-07-17,SERENADE OF THE SEA,AS,2021-07-17 06:00:00,2021-07-17 22:00:00,AT SEA,AT SEA
2021-07-18,SERENADE OF THE SEA,AS,2021-07-18 06:00:00,2021-07-18 22:00:00,AT SEA,AT SEA
2021-07-19,SERENADE OF THE SEA,AS,2021-07-19 06:00:00,2021-07-19 22:00:00,AT SEA,AT SEA
2021-07-20,SERENADE OF THE SEA,AS,2021-07-20 06:00:00,2021-07-20 22:00:00,AT SEA,AT SEA
2021-07-21,SERENADE OF THE SEA,AS,2021-07-21 06:00:00,2021-07-21 22:00:00,AT SEA,AT SEA
2021-07-22,SERENADE OF THE SEA,AS,2021-07-22 06:00:00,2021-07-22 22:00:00,AT SEA,AT SEA
2021-07-23,SERENADE OF THE SEA,AS,2021-07-23 06:00:00,2021-07-23 22:00:00,AT SEA,AT SEA
2021-07-24,SERENADE OF THE SEA,AS,2021-07-24 06:00:00,2021-07-24 22:00:00,AT SEA,AT SEA
2021-07-25,SERENADE OF THE SEA,AS,2021-07-25 06:00:00,2021-07-25 22:00:00,AT SEA,AT SEA
2021-07-26,SERENADE OF THE SEA,AS,2021-07-26 06:00:00,2021-07-26 22:00:00,AT SEA,AT SEA
2021-07-27,SERENADE OF THE SEA,AS,2021-07-27 06:00:00,2021-07-27 22:00:00,AT SEA,AT SEA
2021-07-28,SERENADE OF THE SEA,AS,2021-07-28 06:00:00,2021-07-28 22:00:00,AT SEA,AT SEA
2021-07-29,SERENADE OF THE SEA,AS,2021-07-29 06:00:00,2021-07-29 22:00:00,AT SEA,AT SEA
2021-07-30,SERENADE OF THE SEA,AS,2021-07-30 06:00:00,2021-07-30 22:00:00,AT SEA,AT SEA
2021-07-31,SERENADE OF THE SEA,AS,2021-07-31 06:00:00,2021-07-31 22:00:00,AT SEA,AT SEA
2021-08-01,SERENADE OF THE SEA,AS,2021-08-01 06:00:00,2021-08-01 22:00:00,AT SEA,SEATTLE
2021-08-02,SERENADE OF THE SEA,SEA,2021-08-02 07:00:00,2021-08-02 17:00:00,SEATTLE,AT SEA
2021-08-03,SERENADE OF THE SEA,AS,2021-08-03 06:00:00,2021-08-03 22:00:00,AT SEA,ENDICOTT ARM
2021-08-04,SERENADE OF THE SEA,END,2021-08-04 14:00:00,2021-08-04 20:00:00,ENDICOTT ARM,JUNEAU
2021-08-05,SERENADE OF THE SEA,JNU,2021-08-05 08:00:00,2021-08-05 18:00:00,JUNEAU,SITKA
2021-08-06,SERENADE OF THE SEA,SIT,2021-08-06 07:00:00,2021-08-06 16:00:00,SITKA,KETCHIKAN
2021-08-07,SERENADE OF THE SEA,KTN,2021-08-07 11:00:00,2021-08-07 19:00:00,KETCHIKAN,AT SEA
2021-08-08,SERENADE OF THE SEA,AS,2021-08-08 06:00:00,2021-08-08 22:00:00,AT SEA,AT SEA
2021-08-09,SERENADE OF THE SEA,AS,2021-08-09 06:00:00,2021-08-09 22:00:00,AT SEA,AT SEA
2021-08-10,SERENADE OF THE SEA,AS,2021-08-10 06:00:00,2021-08-10 22:00:00,AT SEA,AT SEA
2021-08-11,SERENADE OF THE SEA,AS,2021-08-11 06:00:00,2021-08-11 22:00:00,AT SEA,AT SEA
2021-08-12,SERENADE OF THE SEA,AS,2021-08-12 06:00:00,2021-08-12 22:00:00,AT SEA,AT SEA
2021-08-13,SERENADE OF THE SEA,AS,2021-08-13 06:00:00,2021-08-13 22:00:00,AT SEA,AT SEA
2021-08-14,SERENADE OF THE SEA,AS,2021-08-14 06:00:00,2021-08-14 22:00:00,AT SEA,AT SEA
2021-08-15,SERENADE OF THE SEA,AS,2021-08-15 06:00:00,2021-08-15 22:00:00,AT SEA,AT SEA
2021-08-16,SERENADE OF THE SEA,AS,2021-08-16 06:00:00,2021-08-16 22:00:00,AT SEA,AT SEA
2021-08-17,SERENADE OF THE SEA,AS,2021-08-17 06:00:00,2021-08-17 22:00:00,AT SEA,AT SEA
2021-08-18,SERENADE OF THE SEA,AS,2021-08-18 06:00:00,2021-08-18 22:00:00,AT SEA,AT SEA
2021-08-19,SERENADE OF THE SEA,AS,2021-08-19 06:00:00,2021-08-19 22:00:00,AT SEA,AT SEA
2021-08-20,SERENADE OF THE SEA,AS,2021-08-20 06:00:00,2021-08-20 22:00:00,AT SEA,AT SEA
2021-08-21,SERENADE OF THE SEA,AS,2021-08-21 06:00:00,2021-08-21 22:00:00,AT SEA,AT SEA
2021-08-22,SERENADE OF THE SEA,AS,2021-08-22 06:00:00,2021-08-22 22:00:00,AT SEA,SEATTLE
2021-08-23,SERENADE OF THE SEA,SEA,2021-08-23 07:00:00,2021-08-23 17:00:00,SEATTLE,AT SEA
2021-08-24,SERENADE OF THE SEA,AS,2021-08-24 06:00:00,2021-08-24 22:00:00,AT SEA,SITKA
2021-08-25,SERENADE OF THE SEA,SIT,2021-08-25 09:30:00,2021-08-25 19:00:00,SITKA,ICY STRAIT POINT
2021-08-26,SERENADE OF THE SEA,ISP,2021-08-26 07:00:00,2021-08-26 19:00:00,ICY STRAIT POINT,ENDICOTT ARM
2021-08-27,SERENADE OF THE SEA,END,2021-08-27 05:30:00,2021-08-27 10:00:00,ENDICOTT ARM,JUNEAU
2021-08-27,SERENADE OF THE SEA,JNU,2021-08-27 13:30:00,2021-08-27 21:30:00,JUNEAU,KETCHIKAN
2021-08-28,SERENADE OF THE SEA,KTN,2021-08-28 14:00:00,2021-08-28 20:00:00,KETCHIKAN,AT SEA
2021-08-29,SERENADE OF THE SEA,AS,2021-08-29 06:00:00,2021-08-29 22:00:00,AT SEA,AT SEA
2021-08-30,SERENADE OF THE SEA,AS,2021-08-30 06:00:00,2021-08-30 22:00:00,AT SEA,AT SEA
2021-08-31,SERENADE OF THE SEA,AS,2021-08-31 06:00:00,2021-08-31 22:00:00,AT SEA,AT SEA
2021-09-01,SERENADE OF THE SEA,AS,2021-09-01 06:00:00,2021-09-01 22:00:00,AT SEA,AT SEA
2021-09-02,SERENADE OF THE SEA,AS,2021-09-02 06:00:00,2021-09-02 22:00:00,AT SEA,AT SEA
2021-09-03,SERENADE OF THE SEA,AS,2021-09-03 06:00:00,2021-09-03 22:00:00,AT SEA,AT SEA
2021-09-04,SERENADE OF THE SEA,AS,2021-09-04 06:00:00,2021-09-04 22:00:00,AT SEA,AT SEA
2021-09-05,SERENADE OF THE SEA,AS,2021-09-05 06:00:00,2021-09-05 22:00:00,AT SEA,AT SEA
2021-09-06,SERENADE OF THE SEA,AS,2021-09-06 06:00:00,2021-09-06 22:00:00,AT SEA,AT SEA
2021-09-07,SERENADE OF THE SEA,AS,2021-09-07 06:00:00,2021-09-07 22:00:00,AT SEA,AT SEA
2021-09-08,SERENADE OF THE SEA,AS,2021-09-08 06:00:00,2021-09-08 22:00:00,AT SEA,AT SEA
2021-09-09,SERENADE OF THE SEA,AS,2021-09-09 06:00:00,2021-09-09 22:00:00,AT SEA,AT SEA
2021-09-10,SERENADE OF THE SEA,AS,2021-09-10 06:00:00,2021-09-10 22:00:00,AT SEA,AT SEA
2021-09-11,SERENADE OF THE SEA,AS,2021-09-11 06:00:00,2021-09-11 22:00:00,AT SEA,AT SEA
2021-09-12,SERENADE OF THE SEA,AS,2021-09-12 06:00:00,2021-09-12 22:00:00,AT SEA,SEATTLE
2021-09-13,SERENADE OF THE SEA,SEA,2021-09-13 07:00:00,2021-09-13 17:00:00,SEATTLE,AT SEA
2021-09-14,SERENADE OF THE SEA,AS,2021-09-14 06:00:00,2021-09-14 22:00:00,AT SEA,SITKA
2021-09-15,SERENADE OF THE SEA,SIT,2021-09-15 08:00:00,2021-09-15 18:00:00,SITKA,ENDICOTT ARM
2021-09-16,SERENADE OF THE SEA,END,2021-09-16 06:00:00,2021-09-16 10:30:00,ENDICOTT ARM,ICY STRAIT POINT
2021-09-16,SERENADE OF THE SEA,ISP,2021-09-16 17:00:00,2021-09-16 22:00:00,ICY STRAIT POINT,JUNEAU
2021-09-17,SERENADE OF THE SEA,JNU,2021-09-17 07:00:00,2021-09-17 20:00:00,JUNEAU,KETCHIKAN
2021-09-18,SERENADE OF THE SEA,KTN,2021-09-18 13:00:00,2021-09-18 20:00:00,KETCHIKAN,
2021-08-01,SILVER MUSE,WRG,2021-08-01 08:00:00,2021-08-01 17:00:00,WRANGELL,SITKA
2021-08-02,SILVER MUSE,SIT,2021-08-02 08:00:00,2021-08-02 15:30:00,SITKA,SKAGWAY
2021-08-03,SILVER MUSE,SKG,2021-08-03 08:00:00,2021-08-03 19:00:00,SKAGWAY,JUNEAU
2021-08-04,SILVER MUSE,JNU,2021-08-04 17:30:00,unknown,JUNEAU,TRACY ARM
2021-08-04,SILVER MUSE,TA,2021-08-04 07:00:00,2021-08-04 17:00:00,TRACY ARM,JUNEAU
2021-08-05,SILVER MUSE,JNU,unknown,2021-08-05 16:00:00,JUNEAU,AT SEA
2021-08-06,SILVER MUSE,AS,2021-08-06 06:00:00,2021-08-06 22:00:00,AT SEA,AT SEA
2021-08-07,SILVER MUSE,AS,2021-08-07 06:00:00,2021-08-07 22:00:00,AT SEA,AT SEA
2021-08-08,SILVER MUSE,AS,2021-08-08 06:00:00,2021-08-08 22:00:00,AT SEA,AT SEA
2021-08-09,SILVER MUSE,AS,2021-08-09 06:00:00,2021-08-09 22:00:00,AT SEA,AT SEA
2021-08-10,SILVER MUSE,AS,2021-08-10 06:00:00,2021-08-10 22:00:00,AT SEA,AT SEA
2021-08-11,SILVER MUSE,AS,2021-08-11 06:00:00,2021-08-11 22:00:00,AT SEA,AT SEA
2021-08-12,SILVER MUSE,AS,2021-08-12 06:00:00,2021-08-12 22:00:00,AT SEA,AT SEA
2021-08-13,SILVER MUSE,AS,2021-08-13 06:00:00,2021-08-13 22:00:00,AT SEA,AT SEA
2021-08-14,SILVER MUSE,AS,2021-08-14 06:00:00,2021-08-14 22:00:00,AT SEA,AT SEA
2021-08-15,SILVER MUSE,AS,2021-08-15 06:00:00,2021-08-15 22:00:00,AT SEA,AT SEA
2021-08-16,SILVER MUSE,AS,2021-08-16 06:00:00,2021-08-16 22:00:00,AT SEA,AT SEA
2021-08-17,SILVER MUSE,AS,2021-08-17 06:00:00,2021-08-17 22:00:00,AT SEA,AT SEA
2021-08-18,SILVER MUSE,AS,2021-08-18 06:00:00,2021-08-18 22:00:00,AT SEA,AT SEA
2021-08-19,SILVER MUSE,AS,2021-08-19 06:00:00,2021-08-19 22:00:00,AT SEA,AT SEA
2021-08-20,SILVER MUSE,AS,2021-08-20 06:00:00,2021-08-20 22:00:00,AT SEA,AT SEA
2021-08-21,SILVER MUSE,AS,2021-08-21 06:00:00,2021-08-21 22:00:00,AT SEA,WRANGELL
2021-08-22,SILVER MUSE,WRG,2021-08-22 08:00:00,2021-08-22 17:00:00,WRANGELL,SITKA
2021-08-23,SILVER MUSE,SIT,2021-08-23 08:00:00,2021-08-23 15:30:00,SITKA,JUNEAU
2021-08-24,SILVER MUSE,JNU,2021-08-24 17:30:00,unknown,JUNEAU,TRACY ARM
2021-08-24,SILVER MUSE,TA,2021-08-24 07:00:00,2021-08-24 17:00:00,TRACY ARM,JUNEAU
2021-08-25,SILVER MUSE,JNU,unknown,2021-08-25 18:00:00,JUNEAU,ICY STRAIT POINT
2021-08-26,SILVER MUSE,ISP,2021-08-26 07:00:00,2021-08-26 16:00:00,ICY STRAIT POINT,AT SEA
2021-08-27,SILVER MUSE,AS,2021-08-27 06:00:00,2021-08-27 22:00:00,AT SEA,AT SEA
2021-08-28,SILVER MUSE,AS,2021-08-28 06:00:00,2021-08-28 22:00:00,AT SEA,AT SEA
2021-08-29,SILVER MUSE,AS,2021-08-29 06:00:00,2021-08-29 22:00:00,AT SEA,AT SEA
2021-08-30,SILVER MUSE,AS,2021-08-30 06:00:00,2021-08-30 22:00:00,AT SEA,AT SEA
2021-08-31,SILVER MUSE,AS,2021-08-31 06:00:00,2021-08-31 22:00:00,AT SEA,AT SEA
2021-09-01,SILVER MUSE,AS,2021-09-01 06:00:00,2021-09-01 22:00:00,AT SEA,AT SEA
2021-09-02,SILVER MUSE,AS,2021-09-02 06:00:00,2021-09-02 22:00:00,AT SEA,AT SEA
2021-09-03,SILVER MUSE,AS,2021-09-03 06:00:00,2021-09-03 22:00:00,AT SEA,AT SEA
2021-09-04,SILVER MUSE,AS,2021-09-04 06:00:00,2021-09-04 22:00:00,AT SEA,AT SEA
2021-09-05,SILVER MUSE,AS,2021-09-05 06:00:00,2021-09-05 22:00:00,AT SEA,AT SEA
2021-09-06,SILVER MUSE,AS,2021-09-06 06:00:00,2021-09-06 22:00:00,AT SEA,AT SEA
2021-09-07,SILVER MUSE,AS,2021-09-07 06:00:00,2021-09-07 22:00:00,AT SEA,AT SEA
2021-09-08,SILVER MUSE,AS,2021-09-08 06:00:00,2021-09-08 22:00:00,AT SEA,AT SEA
2021-09-09,SILVER MUSE,AS,2021-09-09 06:00:00,2021-09-09 22:00:00,AT SEA,AT SEA
2021-09-10,SILVER MUSE,AS,2021-09-10 06:00:00,2021-09-10 22:00:00,AT SEA,AT SEA
2021-09-11,SILVER MUSE,AS,2021-09-11 06:00:00,2021-09-11 22:00:00,AT SEA,WRANGELL
2021-09-12,SILVER MUSE,WRG,2021-09-12 08:00:00,2021-09-12 17:00:00,WRANGELL,SITKA
2021-09-13,SILVER MUSE,SIT,2021-09-13 08:00:00,2021-09-13 15:30:00,SITKA,SKAGWAY
2021-09-14,SILVER MUSE,SKG,2021-09-14 08:00:00,2021-09-14 19:00:00,SKAGWAY,JUNEAU
2021-09-15,SILVER MUSE,JNU,2021-09-15 17:30:00,unknown,JUNEAU,TRACY ARM
2021-09-15,SILVER MUSE,TA,2021-09-15 07:00:00,2021-09-15 17:00:00,TRACY ARM,JUNEAU
2021-09-16,SILVER MUSE,JNU,unknown,2021-09-16 16:00:00,JUNEAU,
